,User ID,q1,q2,q3,Mean,STD,Skewness
0,1,0.2585692995529061,0.5469448584202683,0.7555886736214605,0.5074926539342264,0.2735682335700133,-0.14046837571717896
1,2,0.3651266766020864,0.669150521609538,0.767511177347243,0.5682267940947182,0.26165415011316856,-0.7314114278775269
2,3,0.3070044709388971,0.6721311475409836,0.7995529061102831,0.561201667551378,0.2842186881945425,-0.48653085470004365
3,4,0.1549925484351713,0.172876304023845,0.2265275707898658,0.2296481217836669,0.15562699719257933,2.5123995316222634
4,5,0.3845007451564828,0.4485842026825633,0.6065573770491803,0.4707190149275611,0.21633465175561817,0.02822781947112235
5,6,0.31669150521609535,0.65424739195231,0.8368107302533532,0.5740014792078021,0.295037262755387,-0.4571432876457563
6,7,0.3777943368107302,0.5707898658718331,0.680327868852459,0.5253430940318631,0.24002053165602744,-0.5684419879420002
7,8,0.3517138599105812,0.4023845007451564,0.5230998509687034,0.43019627266286276,0.2029258215610076,0.30608066116517346
8,9,0.32637853949329354,0.6825633383010432,0.8084947839046199,0.5698570321227965,0.28348592139677375,-0.5184433495500762
9,10,0.3189269746646795,0.6661698956780924,0.7995529061102831,0.5647486568304529,0.2797012965820373,-0.530573587787075
10,11,0.3442622950819672,0.6587183308494784,0.7906110283159464,0.5657481215615637,0.2752684535906614,-0.5410140532790143
11,12,0.3308494783904619,0.6751117734724292,0.823397913561848,0.5765112461992578,0.2895667120436638,-0.4965193920325134
12,13,0.3263785394932936,0.6482861400894188,0.7749627421758569,0.5540366159456824,0.27354540103936453,-0.5251722503039828
13,14,0.2600596125186289,0.5529061102831595,0.7764530551415797,0.5160813875235707,0.28133100163712477,-0.15956434490466154
14,15,0.0134128166915052,0.0134128166915052,0.0163934426229508,0.020055925604287466,0.04988413551173323,15.097143655590491
15,16,0.2965722801788375,0.6408345752608048,0.8435171385991058,0.570747666249853,0.29849635043365524,-0.40789137631534933
16,17,0.0849478390461997,0.0968703427719821,0.1222056631892697,0.13803718453006275,0.13280833943790615,3.7731748768090534
17,18,0.31669150521609535,0.65424739195231,0.8412816691505216,0.5751830686232483,0.2946882375025638,-0.45227615502800533
18,19,0.1028315946348733,0.1132637853949329,0.1400894187779433,0.15679602701664216,0.1340706845100131,3.511973933600545
19,20,0.4217585692995529,0.5350223546944859,0.6609538002980626,0.5157993163661239,0.2344241989428101,-0.39757877308758116
20,21,0.3204172876304024,0.3710879284649776,0.4806259314456036,0.40636459140771275,0.18572524230430498,0.5825671444961665
21,22,0.2518628912071535,0.2801788375558867,0.4016393442622951,0.33352804386983853,0.1672590786380827,1.1085505851553947
22,23,0.0283159463487332,0.029806259314456,0.0327868852459016,0.0406671093925253,0.06497908109927018,10.179913243668375
23,24,0.2585692995529061,0.5573770491803278,0.7913561847988078,0.5230865247722887,0.28656172100924493,-0.1487258712584314
24,25,0.26602086438152006,0.5678092399403875,0.8107302533532041,0.5312732514364529,0.29112050252716515,-0.15449682838976292
25,26,0.2742175856929955,0.3278688524590163,0.4493293591654247,0.37439504620858605,0.18414695382563195,0.8294039210225603
26,27,0.2727272727272727,0.5946348733233979,0.8405365126676602,0.5448526455831432,0.29538280601890354,-0.24750768835478493
27,28,0.4023845007451564,0.5916542473919523,0.6900149031296572,0.5396376607194814,0.23956618908204966,-0.6077629110294481
28,29,0.2675111773472429,0.5603576751117735,0.8077496274217586,0.5297163074886562,0.2902499652314419,-0.15082237622395725
29,30,0.014903129657228,0.014903129657228,0.0171385991058122,0.021308588067279505,0.051099771013349594,14.75370338181857
30,31,0.42995529061102833,0.533532041728763,0.665424739195231,0.5128075852709992,0.23172104670368973,-0.4428923252088633
31,32,0.31967213114754095,0.6736214605067065,0.8137108792846498,0.5675027374228468,0.2852519820305193,-0.5140986331262345
32,33,0.39716840536512665,0.4664679582712369,0.5961251862891207,0.47801732849740475,0.20755943951637393,-0.011255569660162211
33,34,0.217585692995529,0.2369597615499254,0.3248882265275707,0.2946599709933124,0.15753994678800617,1.8603067186249234
34,35,0.2578241430700447,0.5469448584202683,0.7555886736214605,0.5074548963777177,0.27372793556550123,-0.13821182245100144
35,36,0.4575260804769001,0.5469448584202683,0.6415797317436662,0.5154417300956599,0.21891476547384892,-0.5225772291711555
36,37,0.3152011922503726,0.6557377049180327,0.8338301043219076,0.5724400931945335,0.2935269054588448,-0.46308964964037264
37,38,0.3308494783904619,0.375558867362146,0.4940387481371088,0.41489335711319053,0.18732180906831394,0.5642265783478405
38,39,0.3710879284649776,0.646795827123696,0.7801788375558867,0.5676404414524665,0.26651100234181235,-0.6424175411746659
39,40,0.36736214605067063,0.6154992548435171,0.7585692995529061,0.5537256713626701,0.25884427103912866,-0.6293618251863669
40,41,0.2220566318926974,0.2399403874813711,0.3472429210134128,0.3078573475094449,0.17038777788643164,1.7517767784128258
41,42,0.3770491803278688,0.5514157973174366,0.6594634873323397,0.5132762231782534,0.23595623322607265,-0.5228418956966892
42,43,0.4038748137108793,0.5394932935916542,0.6616989567809239,0.5153373415570772,0.2315131727046166,-0.4890333855539712
43,44,0.2727272727272727,0.5737704918032787,0.8360655737704918,0.5420408181396185,0.2968849119525599,-0.18785453757179238
44,45,0.2853949329359165,0.587183308494784,0.8509687034277198,0.55153573308517,0.29771295224607613,-0.23633673821797754
45,46,0.39120715350223545,0.6184798807749627,0.7183308494783904,0.5506784144491504,0.24662837022667428,-0.6719418741115996
46,47,0.30327868852459017,0.6274217585692996,0.8479880774962743,0.5701346612147716,0.2978090837836024,-0.40227282787669394
47,48,0.07451564828614,0.0864381520119225,0.1102831594634873,0.12255658636152633,0.1228783694641037,4.2375228574307915
48,49,0.4545454545454545,0.5543964232488823,0.6594634873323397,0.5207077987122452,0.22472247912873966,-0.5311924343013241
49,50,0.2846497764530551,0.6080476900149031,0.8509687034277198,0.5591361071070826,0.29935154703006434,-0.31592627723183825
50,51,0.3293591654247392,0.6557377049180327,0.827123695976155,0.572413440801704,0.28971425137318607,-0.4698228184481482
51,52,0.4217585692995529,0.5499254843517138,0.672876304023845,0.525252031689695,0.2313117126432365,-0.505350102991533
52,53,0.30849478390462,0.624441132637854,0.8464977645305514,0.5677648192856714,0.29728692922062755,-0.37998605246900363
53,54,0.3479880774962742,0.6512667660208644,0.7719821162444114,0.5590716971577443,0.26868267057096706,-0.5466869221866854
54,55,0.3025335320417288,0.6378539493293591,0.8435171385991058,0.5714606177580451,0.2962059311786302,-0.42421173184857847
55,56,0.0476900149031296,0.0491803278688524,0.0603576751117734,0.07157944300941045,0.07987986620933826,7.152046491896546
56,57,0.1654247391952309,0.1892697466467958,0.2481371087928465,0.2465346336739657,0.1602859543442134,2.2803838739816915
57,58,0.4008941877794337,0.5916542473919523,0.6929955290611028,0.5421785221692382,0.24076352218208702,-0.6104752022932152
58,59,0.3435171385991058,0.6184798807749627,0.7645305514157973,0.5525063243907152,0.26549945860480106,-0.5691093829701973
59,60,0.4038748137108793,0.5916542473919523,0.6929955290611028,0.5401307299868293,0.2401418774454661,-0.6274858066878842
60,61,0.3263785394932936,0.3770491803278688,0.5178837555886736,0.41798281364869033,0.19498177187934354,0.49025835157062897
61,62,0.3748137108792846,0.6304023845007451,0.7555886736214605,0.5603399068498871,0.25627417899087707,-0.6664051033326898
62,63,0.3919523099850969,0.4560357675111773,0.5998509687034277,0.4682381213616707,0.21713656893852798,-0.02613994328032631
63,64,0.2600596125186289,0.5648286140089419,0.8181818181818181,0.5315308912338059,0.2934703918806366,-0.1528391530698716
64,65,0.3263785394932936,0.6423248882265276,0.8330849478390462,0.5699947361524161,0.2898946067827738,-0.44659731737845415
65,66,0.327123695976155,0.6214605067064084,0.7578241430700448,0.5493791102987068,0.2665700684391941,-0.5464839211316592
66,67,0.4575260804769001,0.5275707898658718,0.6453055141579732,0.5127476173871326,0.21984264006247442,-0.4256373267339347
67,68,0.3859910581222057,0.4485842026825633,0.5856929955290611,0.4625411723943399,0.2099741314809605,-0.02077522102698876
68,69,0.4254843517138599,0.4858420268256334,0.6117734724292101,0.4794054739572806,0.21473372979160066,-0.28876547056534124
69,70,0.4396423248882265,0.5126676602086438,0.6356184798807749,0.502539750933389,0.21034707671686634,-0.42212430573373516
70,71,0.30551415797317427,0.624441132637854,0.84575260804769,0.5688175888024414,0.2957079672357738,-0.379801743946028
71,72,0.31073025335320414,0.360655737704918,0.4649776453055141,0.39414669032806876,0.1850879193649533,0.6503231148065288
72,73,0.014903129657228,0.014903129657228,0.0163934426229508,0.02076665607974394,0.04595376329185936,16.873429759803074
73,74,0.34649776453055137,0.624441132637854,0.7593144560357674,0.5545940951623686,0.26502663394463716,-0.5923920335504235
74,75,0.3651266766020864,0.4143070044709389,0.533532041728763,0.4404174653130212,0.20440395980808992,0.26272070474164755
75,76,0.2846497764530551,0.5886736214605067,0.8576751117734724,0.5536212828240876,0.29831295776804534,-0.24092299790511118
76,77,0.1847988077496274,0.2071535022354694,0.2563338301043219,0.25318662671769115,0.15138347314246706,2.3254172019228085
77,78,0.1147540983606557,0.1281669150521609,0.1654247391952309,0.17823343498259817,0.14112410475254816,3.1495561135154406
78,79,0.2593144560357675,0.5737704918032787,0.834575260804769,0.536228375470026,0.2965059982913124,-0.21905471613822383
79,80,0.31669150521609535,0.6482861400894188,0.8435171385991058,0.5745078746715648,0.295692557771052,-0.43122899315653535
80,81,0.2317436661698956,0.2652757078986587,0.40461997019374063,0.3331793417303177,0.1717474730949696,1.270581121842254
81,82,0.2839046199701937,0.6095380029806259,0.8502235469448585,0.5594292834282084,0.29769854320044875,-0.3472681276522322
82,83,0.2309985096870342,0.2473919523099851,0.3554396423248882,0.3139829557947854,0.16860130264840079,1.7131727444311347
83,84,0.3889716840536513,0.4530551415797317,0.6065573770491803,0.4725136093780886,0.21841665105081098,-0.0005309993375731146
84,85,0.3994038748137108,0.6110283159463488,0.7183308494783904,0.5482330574070331,0.24020683423651162,-0.7864080625949565
85,86,0.2771982116244411,0.3293591654247392,0.4493293591654247,0.37413074331302565,0.1687186755198168,0.8239028631343023
86,87,0.2682563338301043,0.5886736214605067,0.853204172876304,0.5503230492114223,0.2996748842512627,-0.23932897307642953
87,88,0.1982116244411326,0.217585692995529,0.2921013412816691,0.27131247487456717,0.15572504772897514,2.04216176837864
88,89,0.43815201192250375,0.5305514157973175,0.6266766020864382,0.49978122827552357,0.22255899977244528,-0.4920877899061121
89,90,0.34649776453055137,0.6736214605067065,0.801043219076006,0.5745434111953377,0.2798437990592844,-0.5713426713280259
90,91,0.2354694485842026,0.2652757078986587,0.39418777943368105,0.33080727876848176,0.17232215214936872,1.300173025065062
91,92,0.42622950819672134,0.5976154992548435,0.7034277198211625,0.5446438685059779,0.23282074394225546,-0.826174688489765
92,93,0.2593144560357675,0.2876304023845007,0.40461997019374063,0.34047765530016144,0.16455280853305398,1.0396114381911208
93,94,0.2630402384500745,0.2891207153502235,0.40834575260804773,0.34270535113417033,0.16670190159170886,1.1114042465803389
94,95,0.1296572280178837,0.1475409836065573,0.1982116244411326,0.2025559644723603,0.14815311873299383,2.642417140568574
95,96,0.4083457526080477,0.4754098360655737,0.6199701937406855,0.48465821637745127,0.20869196374268356,-0.1634624211634551
96,97,0.4374068554396423,0.5081967213114754,0.6147540983606556,0.4881319115762447,0.2145812378444549,-0.41798908805730595
97,98,0.4187779433681073,0.488822652757079,0.6184798807749627,0.488620538778121,0.21604871476273568,-0.20826735332525456
98,99,0.2384500745156482,0.2667660208643815,0.4023845007451565,0.33401889210445074,0.17300697564643397,1.3032283261029818
99,100,0.2697466467958271,0.5722801788375559,0.8308494783904621,0.5402262343944687,0.2954250907611165,-0.19668092577785504
100,101,0.33084947839046197,0.6214605067064084,0.7615499254843517,0.5497522437983213,0.26705622695662656,-0.5461657558501132
101,102,0.0268256333830104,0.0283159463487332,0.0312965722801788,0.038130690008239994,0.05744816466835197,10.817110462859455
102,103,0.4314456035767511,0.5409836065573771,0.665424739195231,0.5154261828665093,0.23244679220519912,-0.46528458806459755
103,104,0.43591654247391953,0.5290611028315947,0.6527570789865872,0.5060667509178417,0.22675947487450726,-0.4166073994270374
104,105,0.0640834575260804,0.0774962742175856,0.1028315946348733,0.11117379359054369,0.11329148912850891,4.364884068231181
105,106,0.34575260804769004,0.6408345752608048,0.767511177347243,0.557967843888051,0.26690235812034446,-0.5750082073435396
106,107,0.2771982116244411,0.5886736214605067,0.84575260804769,0.5459453936891576,0.29618012331834553,-0.23215580111671746
107,108,0.2622950819672131,0.5797317436661699,0.8405365126676602,0.5412234780928437,0.2973038066000875,-0.2145900039662491
108,109,0.2734724292101341,0.5961251862891207,0.8383010432190761,0.5480020700025098,0.29617221083439527,-0.270441540360455
109,110,0.4172876304023845,0.4709388971684053,0.5812220566318927,0.4794010318918091,0.1896106796384556,-0.3449083351878537
110,111,0.1311475409836065,0.1445603576751117,0.1892697466467958,0.19906227997894457,0.14889653345394305,2.8012593119894023
111,112,0.2809239940387481,0.5931445603576752,0.8599105812220567,0.5544897066237858,0.3007420733044719,-0.2436193816458214
112,113,0.3293591654247391,0.6780923994038748,0.8263785394932937,0.5783013985843137,0.28961859737994305,-0.4974694198648862
113,114,0.28315946348733234,0.6020864381520119,0.8599105812220567,0.5587874049675617,0.30040704451307987,-0.29507739456318566
114,115,0.323397913561848,0.6602086438152012,0.786140089418778,0.5622144584789036,0.277516149439718,-0.5486623658129334
115,116,0.25558867362146054,0.5812220566318927,0.8211624441132638,0.5322260744801117,0.29013549995844895,-0.2661423423691121
116,117,0.379284649776453,0.6229508196721312,0.7429210134128167,0.5580677903611622,0.2490853230292165,-0.7014645151881902
117,118,0.202682563338301,0.225037257824143,0.3002980625931445,0.2834659660048729,0.16466360003351277,1.993912205139724
118,119,0.0417287630402384,0.0432190760059612,0.0491803278688524,0.06096956963048673,0.07657155907796225,7.814800931016293
119,120,0.3591654247391952,0.4038748137108793,0.5230998509687034,0.43572220210953694,0.2048489518283845,0.34751668971386657
120,121,0.4426229508196721,0.5976154992548435,0.6997019374068554,0.5464828836112215,0.2325796147974442,-0.8205209789797525
121,122,0.27198211624441126,0.5707898658718331,0.8397913561847987,0.5416854529018903,0.296717672076745,-0.18823643893085587
122,123,0.323397913561848,0.6557377049180327,0.834575260804769,0.5755539810901273,0.2928784549324906,-0.46418593813491044
123,124,0.386736214605067,0.5230998509687034,0.6520119225037257,0.5018001470323671,0.2354855587029654,-0.38920846609832116
124,125,0.1669150521609538,0.187779433681073,0.24068554396423247,0.24204814754764667,0.1538455114428612,2.293740108073434
125,126,0.3427719821162444,0.676602086438152,0.8040238450074515,0.5708054131009838,0.27597434852377584,-0.6163702629011694
126,127,0.2771982116244411,0.587183308494784,0.8368107302533532,0.5444772910507928,0.2939954032814854,-0.22820144055918412
127,128,0.1102831594634873,0.1236959761549925,0.1579731743666169,0.17416450301060982,0.14691904219934818,3.2444037657639786
128,129,0.2771982116244411,0.5722801788375559,0.8211624441132638,0.5367014554427517,0.29182774453619315,-0.19238808645069355
129,130,0.1341281669150521,0.1475409836065573,0.1892697466467958,0.19947539206780363,0.14584652912575363,2.856547284126689
130,131,0.3219076005961251,0.6721311475409836,0.801043219076006,0.5670918463667236,0.28066516615595216,-0.5438438580190189
131,132,0.3517138599105812,0.3994038748137108,0.5216095380029806,0.43949351569492784,0.20053501332660467,0.4196631009282712
132,133,0.4232488822652757,0.4932935916542474,0.6162444113263785,0.48976881270253037,0.21326135153090137,-0.23758907050038408
133,134,0.1117734724292101,0.1236959761549925,0.1520119225037257,0.17035098980323865,0.14015507334998317,3.3309036471420894
134,135,0.2593144560357675,0.5573770491803278,0.7749627421758569,0.5179204026288143,0.28042238854824736,-0.1548664233824025
135,136,0.30849478390462,0.6348733233979136,0.7563338301043219,0.5444839541490002,0.2675684026176106,-0.5377355605358973
136,137,0.40909090909090906,0.5320417287630402,0.6587183308494784,0.510013526089361,0.23360860022627486,-0.41705109729021017
137,138,0.349478390461997,0.6259314456035767,0.7213114754098361,0.5434778263196821,0.2518312450634446,-0.648899503116689
138,139,0.3688524590163934,0.6199701937406855,0.7153502235469449,0.5465628407897103,0.25064004499923104,-0.6604752597226344
139,140,0.3025335320417288,0.6631892697466468,0.823397913561848,0.570454489928727,0.2908764430104656,-0.48388331434167303
140,141,0.27198211624441126,0.5812220566318927,0.8442622950819672,0.5461941493555673,0.2983710269991032,-0.21976489274370517
141,142,0.30923994038748137,0.6363636363636364,0.8427719821162445,0.5706854773332504,0.29750264209912125,-0.4090929213776411
142,143,0.43219076005961254,0.5439642324888226,0.6706408345752608,0.5196439240317963,0.23282922481352228,-0.4408171478952451
143,144,0.2853949329359165,0.6140089418777943,0.8546944858420269,0.5631761656535056,0.29878545849174815,-0.3584255707603488
144,145,0.3330849478390462,0.6751117734724292,0.7980625931445604,0.5650684855444085,0.2759554993588426,-0.6015417819917582
145,146,0.3375558867362146,0.6110283159463488,0.7622950819672132,0.5474423697530877,0.2641398411193229,-0.5784947784608103
146,147,0.34053651266766016,0.6631892697466468,0.7868852459016393,0.5641978407119742,0.2769695344635209,-0.5317957943191882
147,148,0.2712369597615499,0.3293591654247392,0.45603576751117725,0.37609635728421004,0.18153578688072594,0.7514421881360857
148,149,0.2071535022354694,0.2265275707898658,0.338301043219076,0.2938137575209721,0.16346420313324686,1.704721019510951
149,150,0.1475409836065573,0.1639344262295081,0.217585692995529,0.22116155570016943,0.1531138758288143,2.563728205198796
150,151,0.3539493293591654,0.6885245901639344,0.7622950819672132,0.5647197834048877,0.2637426979617325,-0.7395168989481845
151,152,0.2295081967213114,0.2578241430700447,0.390461997019374,0.3185605042632723,0.16478709056672974,1.3130242507893888
152,153,0.3837555886736215,0.6289120715350224,0.7257824143070045,0.5542898136775637,0.2526342337051106,-0.6796425515942337
153,154,0.29731743666169896,0.6199701937406855,0.8554396423248882,0.5658658362965612,0.2999939980638385,-0.3368819669477778
154,155,0.3099850968703427,0.6453055141579732,0.7660208643815202,0.547249139905073,0.270979002372438,-0.5357220817318651
155,156,0.39120715350223545,0.6289120715350224,0.7540983606557377,0.5627919269902119,0.25444832925278377,-0.6810448024865423
156,157,0.1639344262295081,0.1833084947839046,0.2339791356184798,0.23344164569641584,0.1474151837944801,2.539059599640717
157,158,0.2682563338301043,0.5663189269746647,0.8017883755588674,0.5293431739890414,0.2883864416581752,-0.15751116885404018
158,159,0.33010432190760053,0.3830104321907601,0.5253353204172877,0.4241506215560111,0.20337123834019602,0.47718078446692536
159,160,0.38822652757078985,0.4605067064083457,0.5983606557377049,0.47442813959634944,0.20641364032684129,-0.03764110769980662
160,161,0.3926974664679582,0.6140089418777943,0.7131147540983607,0.5470270366314929,0.23946882493047938,-0.78708649335743
161,162,0.2876304023845007,0.6035767511177347,0.8584202682563339,0.5580788955248411,0.2989536982200284,-0.2705113869080953
162,163,0.34053651266766016,0.6229508196721312,0.7704918032786885,0.5531548659495693,0.2664270914908998,-0.5743074632623547
163,164,0.4113263785394933,0.5305514157973175,0.6616989567809239,0.5126965336342092,0.23505898550761145,-0.4036831390089808
164,165,0.1311475409836065,0.1445603576751117,0.1937406855439642,0.19973747393062824,0.14814458745273484,2.7741394879784096
165,166,0.3517138599105812,0.6274217585692996,0.7540983606557377,0.5517400680968636,0.264293215020997,-0.5653252093653056
166,167,0.2906110283159464,0.6050670640834576,0.8502235469448585,0.561728052309763,0.3007969295848104,-0.3109743237313298
167,168,0.4314456035767511,0.5454545454545454,0.6751117734724292,0.52166284278864,0.23264781728602577,-0.5087785890531775
168,169,0.3308494783904619,0.3815201192250372,0.5230998509687034,0.42212059763548854,0.19352793309837746,0.47447067736653464
169,170,0.2578241430700447,0.555886736214605,0.7697466467958272,0.5137892817402236,0.27938962622038704,-0.14242538116472966
170,171,0.3628912071535022,0.6229508196721312,0.7630402384500745,0.5571371776448613,0.26168827448130594,-0.5988124314231188
171,172,0.2652757078986587,0.5692995529061102,0.8248882265275708,0.5376986991411267,0.29540887212939865,-0.1703682443080268
172,173,0.33159463487332336,0.6915052160953801,0.8204172876304023,0.575267467867209,0.2860652337248699,-0.5286916481585877
173,174,0.2675111773472429,0.5588673621460507,0.8025335320417288,0.5291033024535748,0.287859456233004,-0.15707348520322614
174,175,0.3412816691505216,0.390461997019374,0.5171385991058122,0.4307493098140773,0.20734566139215732,0.47530696889367396
175,176,0.2563338301043219,0.2861400894187779,0.40461997019374063,0.34139938388551905,0.16780605563307058,1.1586919760416057
176,177,0.1907600596125186,0.2160953800298062,0.2891207153502235,0.2708993627857081,0.15736732123218794,2.073362582266695
177,178,0.38822652757078985,0.4470938897168405,0.5603576751117735,0.4588720263147958,0.2055584143677263,0.061152095214745045
178,179,0.31967213114754095,0.6855439642324889,0.8077496274217586,0.5679003022825553,0.28229064959951455,-0.5315855682220177
179,180,0.2637853949329359,0.5767511177347243,0.8338301043219076,0.5408459025277573,0.2967023160508831,-0.1972810878894543
180,181,0.3002980625931445,0.6453055141579732,0.8412816691505216,0.5722468633465189,0.2975112160205588,-0.4325714547038143
181,182,0.3956780923994039,0.4500745156482861,0.5700447093889717,0.47327098154099695,0.19714387910280634,-0.049370776255411336
182,183,0.31371087928464975,0.6736214605067065,0.8032786885245902,0.5644776908366853,0.28180400783713105,-0.5134806718505067
183,184,0.3122205663189269,0.6646795827123696,0.8315946348733234,0.5748987764330658,0.2941142349500902,-0.46652440815033475
184,185,0.2309985096870342,0.2608047690014903,0.3874813710879284,0.321025850600012,0.16512689053746002,1.366136318578637
185,186,0.3293591654247392,0.6527570789865872,0.7824143070044709,0.5592094011873642,0.276133158480523,-0.5157888712338862
186,187,0.1162444113263785,0.1281669150521609,0.1676602086438152,0.18249559680260125,0.14646128412135437,2.835127874522354
187,188,0.4307004470938897,0.5991058122205664,0.7108792846497765,0.5472069402830928,0.23476593489697453,-0.8133182857401255
188,189,0.3964232488822652,0.4679582712369597,0.6214605067064084,0.4824282995107065,0.21229096470456552,-0.06814182095019793
189,190,0.4105812220566319,0.5946348733233979,0.695230998509687,0.5446660788333358,0.24141123787862087,-0.626494323422203
190,191,0.2540983606557377,0.5484351713859911,0.7764530551415797,0.5151729851346278,0.28322617288795493,-0.15078860963324026
191,192,0.3248882265275707,0.6810730253353204,0.8099850968703428,0.5667209338998448,0.2826985440406925,-0.5267255626730127
192,193,0.4396423248882265,0.5424739195230999,0.6684053651266766,0.518124737640508,0.23030768642519964,-0.4554316536639975
193,194,0.2980625931445603,0.6304023845007451,0.8405365126676602,0.5651195692973319,0.29517127263274257,-0.40794203870769163
194,195,0.1028315946348733,0.1132637853949329,0.1445603576751117,0.16569570518899876,0.1474593096692974,3.209194957386532
195,196,0.4143070044709389,0.4783904619970194,0.61698956780924,0.4892068914203726,0.21280118901607914,-0.15051118969420269
196,197,0.40089418777943364,0.563338301043219,0.6743666169895679,0.5276640732407755,0.23867492909342788,-0.5319707603219216
197,198,0.4508196721311475,0.5424739195230999,0.672876304023845,0.5185067552710659,0.227377364154884,-0.4832608211300403
198,199,0.0909090909090909,0.1028315946348733,0.1296572280178837,0.14733886962759943,0.13395379642622718,3.4330343485349326
199,200,0.210134128166915,0.2265275707898658,0.3353204172876304,0.2957371718701762,0.16933029257364357,1.7698179653258295
200,201,0.3278688524590163,0.3740685543964232,0.4970193740685544,0.41086662476318236,0.19149853117837937,0.5074891811692227
201,202,0.4202682563338301,0.5454545454545454,0.6706408345752608,0.5238616651970833,0.2329497728785261,-0.4698721037466375
202,203,0.3241430700447093,0.676602086438152,0.8055141579731744,0.5686421272163131,0.2834405834867913,-0.5053708012140329
203,204,0.2965722801788376,0.6110283159463488,0.8502235469448585,0.5630606719512438,0.29804189327914826,-0.3356659159479089
204,205,0.2414307004470939,0.2712369597615499,0.3964232488822652,0.3358334758496005,0.1732358667152389,1.3058056078754356
205,206,0.29582712369597614,0.6259314456035767,0.8435171385991058,0.5666987235724867,0.2973041455902435,-0.3972905223435886
206,207,0.2786885245901639,0.5722801788375559,0.8263785394932937,0.5400752041684342,0.2943519708122023,-0.1811061347408466
207,208,0.3636363636363636,0.6199701937406855,0.7570789865871833,0.555506939616783,0.2615579730743778,-0.5681808511166248
208,209,0.2600596125186289,0.5514157973174366,0.7682563338301043,0.5137715134783372,0.2783138381491588,-0.14059815408335352
209,210,0.2630402384500745,0.5782414307004471,0.8278688524590163,0.5386048804973336,0.2951162828021137,-0.18267230806786466
210,211,0.3979135618479881,0.5931445603576752,0.687779433681073,0.5405105265846514,0.24065277486042702,-0.62087563774082
211,212,0.0417287630402384,0.0432190760059612,0.0476900149031296,0.05925493235844797,0.06971454724284681,7.815412076406216
212,213,0.0685543964232488,0.0789865871833084,0.1043219076005961,0.1135947192725673,0.11293964846489415,4.359953641518017
213,214,0.1639344262295081,0.187779433681073,0.2444113263785395,0.2443113799054284,0.15769305671938327,2.2349776194697326
214,215,0.3584202682563338,0.6125186289120715,0.7496274217585693,0.5503119440477433,0.2597460095223277,-0.5660018688656462
215,216,0.3845007451564828,0.4470938897168405,0.6065573770491803,0.4664879475658591,0.21342344172039468,-0.010768075165194759
216,217,0.3293591654247392,0.3785394932935916,0.5178837555886736,0.4232555453634831,0.1998663966098356,0.46897271173957084
217,218,0.3129657228017883,0.6706408345752608,0.8032786885245902,0.5630828822786019,0.28441699406476373,-0.4990357275065121
218,219,0.3189269746646795,0.368107302533532,0.4783904619970194,0.4013428363920655,0.18554796345285088,0.5419687912371124
219,220,0.1505216095380029,0.1669150521609538,0.2205663189269746,0.2238090267212448,0.1499707167906422,2.53772296074431
220,221,0.2526080476900149,0.5484351713859911,0.7555886736214605,0.5062022339147256,0.27591603230356887,-0.13606535755102261
221,222,0.3964232488822652,0.4694485842026825,0.6162444113263785,0.4838364342652046,0.20700406326468299,-0.05156606272946982
222,223,0.3114754098360656,0.639344262295082,0.8412816691505216,0.5723490308523658,0.2955422367760218,-0.4321156037497557
223,224,0.4120715350223547,0.481371087928465,0.6192250372578241,0.48808971195426454,0.21272047532216065,-0.14404144030466934
224,225,0.2771982116244411,0.5961251862891207,0.8539493293591655,0.5538833646869121,0.29909485749766085,-0.30432457337304897
225,226,0.2876304023845007,0.6050670640834576,0.8450074515648286,0.5590228344375567,0.29653757551543825,-0.31539926225066695
226,227,0.30327868852459017,0.624441132637854,0.8472429210134128,0.5676271152560518,0.29638243437545597,-0.3689265499500246
227,228,0.405365126676602,0.5394932935916542,0.669150521609538,0.5162368598150768,0.2371654478250377,-0.4515869522950965
228,229,0.33159463487332336,0.6706408345752608,0.812220566318927,0.5709608853924898,0.2853654205529676,-0.49514893998501974
229,230,0.3293591654247392,0.3815201192250372,0.5201192250372578,0.4216030970080468,0.19157677303959197,0.45235542413848584
230,231,0.30476900149031294,0.6527570789865872,0.8368107302533532,0.570634393580327,0.2960243984476194,-0.43372342896455074
231,232,0.0283159463487332,0.029806259314456,0.0312965722801788,0.04063601493422408,0.06901409897570505,10.02119732110657
232,233,0.2816691505216095,0.5976154992548435,0.853204172876304,0.5560377664406395,0.2985665996395329,-0.2696922216073289
233,234,0.34575260804769,0.3949329359165425,0.5104321907600595,0.429545510071273,0.2050511715004267,0.44423986528515574
234,235,0.2309985096870342,0.2488822652757079,0.356929955290611,0.3129301862780155,0.16706125506415268,1.700803795930453
235,236,0.1475409836065573,0.1669150521609538,0.2265275707898658,0.2278424221694603,0.1569135136792385,2.360905728402374
236,237,0.2742175856929955,0.6110283159463488,0.8248882265275708,0.5473690756728063,0.2919408753870479,-0.3464979883177473
237,238,0.4508196721311475,0.5424739195230999,0.669150521609538,0.5176072370130663,0.22628884455983855,-0.4748519200085966
238,239,0.1520119225037257,0.1698956780923994,0.225037257824143,0.23031221057167156,0.15689178400410034,2.4254765136487384
239,240,0.1609538002980625,0.1773472429210134,0.2280178837555886,0.22933273513518312,0.14599668276792138,2.5371272910552736
240,241,0.3010432190760059,0.6348733233979136,0.8405365126676602,0.5684266870409403,0.29627174496144093,-0.404241022106118
241,242,0.0417287630402384,0.0432190760059612,0.0476900149031296,0.061067295070862,0.08020423613133255,7.701429805930376
242,243,0.172876304023845,0.1937406855439642,0.24664679582712368,0.24649909715019283,0.15482393200056546,2.3616445803117228
243,244,0.3830104321907601,0.5514157973174366,0.6698956780923995,0.5190908868805816,0.23844630368192432,-0.4901145350350221
244,245,0.2846497764530551,0.3368107302533532,0.4627421758569299,0.3818577162008791,0.18668630006698625,0.8202543139144303
245,246,0.26974664679582705,0.5901639344262295,0.842026825633383,0.54531462039219,0.2962618664079194,-0.23004355318684783
246,247,0.1907600596125186,0.2131147540983606,0.2883755588673621,0.2732758678130157,0.1635434259314331,2.0065145234477604
247,248,0.3368107302533532,0.3874813710879284,0.5230998509687034,0.4314755875186844,0.2051939571478992,0.5034624030383192
248,249,0.2585692995529061,0.555886736214605,0.7868852459016393,0.519635039900853,0.28390716350546574,-0.1438966651433373
249,250,0.232488822652757,0.2518628912071535,0.35618479880774956,0.31305012204574884,0.16472557648445002,1.6914968437472178
250,251,0.2682563338301043,0.3219076005961251,0.4463487332339791,0.37097909786092337,0.18237830519866116,0.8088566744268384
251,252,0.29582712369597614,0.6363636363636364,0.84575260804769,0.5692307008913003,0.29802211598620343,-0.40025870473425457
252,253,0.2131147540983606,0.2309985096870342,0.3293591654247392,0.29227013976959004,0.1666188855443773,1.8100595272318745
253,254,0.3919523099850969,0.4634873323397913,0.5894187779433682,0.4756763599938699,0.207565193878212,0.004869555938350938
254,255,0.2727272727272727,0.3263785394932936,0.4560357675111773,0.37811971810652517,0.18416937340482362,0.8567810482358786
255,256,0.2727272727272727,0.5692995529061102,0.827123695976155,0.5397287230616492,0.2938871363537485,-0.1903076974490475
256,257,0.3919523099850969,0.4590163934426229,0.6013412816691506,0.47654478379356835,0.21533181492043021,-0.010108403427790348
257,258,0.3323397913561848,0.6810730253353204,0.8137108792846498,0.5734262317292295,0.2844804497079647,-0.511859629968924
258,259,0.2749627421758569,0.5991058122205664,0.8479880774962743,0.5575436266355129,0.2991484359590296,-0.2883598647423796
259,260,0.29731743666169896,0.6557377049180327,0.8144560357675112,0.5634049320252931,0.28885133290069026,-0.4769518092834657
260,261,0.2965722801788376,0.6616989567809239,0.793591654247392,0.5559222727383779,0.2794287229193173,-0.5227528388854938
261,262,0.1028315946348733,0.1147540983606557,0.1505216095380029,0.16211762145162253,0.1391165420542275,3.345597980697248
262,263,0.4456035767511177,0.5439642324888226,0.6736214605067065,0.519244138139352,0.22861068435727497,-0.47975061946355246
263,264,0.3353204172876304,0.6736214605067065,0.8002980625931445,0.5654793766005317,0.27982342081917605,-0.521328077423718
264,265,0.195230998509687,0.2205663189269746,0.30849478390461993,0.28198009510462174,0.16337255149231847,1.9071712152309506
265,266,0.2965722801788376,0.6184798807749627,0.8487332339791356,0.5661345812575932,0.2986554635576053,-0.3694341524317136
266,267,0.33457526080476896,0.6527570789865872,0.786140089418778,0.5598823741063119,0.2733801319919494,-0.5410834600047004
267,268,0.1013412816691505,0.1117734724292101,0.14083457526080467,0.1552479671997885,0.13133144257646315,3.4600251302821827
268,269,0.2846497764530551,0.5901639344262295,0.8591654247391953,0.5555380340750842,0.2996092413563607,-0.24624246445101627
269,270,0.1937406855439642,0.217585692995529,0.2921013412816691,0.27806663542413945,0.16410624954184802,2.0199421422769466
270,271,0.3517138599105812,0.563338301043219,0.6631892697466468,0.5120657603372416,0.23715398047691214,-0.5687785603502385
271,272,0.3070044709388971,0.6497764530551415,0.8286140089418778,0.5698992317447766,0.29193805210283513,-0.45875716604523104
272,273,0.3845007451564828,0.4441132637853949,0.5603576751117735,0.4564089010107919,0.20515057923391947,0.07200568555226138
273,274,0.29582712369597614,0.6363636363636364,0.8390461997019374,0.5694394779684657,0.2973503796279912,-0.41156652456951776
274,275,0.1475409836065573,0.1624441132637853,0.2086438152011922,0.2132702263898667,0.14285011355976815,2.752630492503087
275,276,0.2593144560357675,0.555886736214605,0.7824143070044709,0.5202524870014059,0.2833466719809323,-0.1491740177858373
276,277,0.3688524590163934,0.6214605067064084,0.7302533532041728,0.5503141650804791,0.2526859590972231,-0.6615516210119432
277,278,0.3621460506706408,0.6333830104321908,0.7652757078986587,0.5618146725864592,0.2639759706896367,-0.5844812963755599
278,279,0.2995529061102832,0.6378539493293591,0.8390461997019374,0.5651706530502554,0.2931597829805275,-0.44216314915492994
279,280,0.293591654247392,0.6065573770491803,0.8479880774962743,0.5597668804040502,0.2969250517234658,-0.32729813528853174
280,281,0.4545454545454545,0.5454545454545454,0.6497764530551415,0.5158726104464054,0.22292276523453913,-0.5234198717636409
281,282,0.3815201192250372,0.4366616989567809,0.555886736214605,0.4517180798727792,0.20893216075942264,0.11020104562882223
282,283,0.2220566318926974,0.2414307004470939,0.342026825633383,0.30273786705342254,0.1635636873561282,1.764973690724053
283,284,0.32861400894187776,0.6974664679582713,0.8204172876304023,0.5756494854977666,0.28488403639610177,-0.5507667269529678
284,285,0.1296572280178837,0.1430700447093889,0.1907600596125186,0.1985136848932016,0.14634419879209398,2.7234722324147884
285,286,0.2883755588673621,0.6125186289120715,0.8487332339791356,0.5630673350494514,0.2983520949770811,-0.3388354671603229
286,287,0.1147540983606557,0.1311475409836065,0.1684053651266766,0.17961935940973828,0.1447434104397907,3.199639605236052
287,288,0.3949329359165425,0.6140089418777943,0.7175856929955291,0.5510182324577283,0.24445522108427648,-0.7331409074585977
288,289,0.2824143070044709,0.5856929955290611,0.8554396423248882,0.5534014005832432,0.29761197162245023,-0.24573372243296115
289,290,0.4448584202682563,0.5409836065573771,0.6423248882265276,0.5118969618493207,0.2215979990140501,-0.489780174896699
290,291,0.3949329359165425,0.4590163934426229,0.6177347242921014,0.47836380960418984,0.21639496676602527,-0.03736488442768407
291,292,0.1475409836065573,0.1639344262295081,0.2041728763040238,0.21373886429712083,0.14644459029303086,2.7794501318291425
292,293,0.39120715350223545,0.5752608047690015,0.6810730253353204,0.5316241746087095,0.24162273718394134,-0.5542767667903855
293,294,0.0268256333830104,0.0283159463487332,0.0312965722801788,0.03909461821557784,0.06342178289054948,10.48937189008741
294,295,0.18703427719821158,0.210134128166915,0.2690014903129657,0.2610290933078062,0.15378705267973009,2.1422083683479367
295,296,0.28315946348733234,0.5976154992548435,0.8487332339791356,0.5569084112730737,0.29897838852669356,-0.2757909723452124
296,297,0.3375558867362146,0.3889716840536513,0.5245901639344261,0.42799745025441926,0.19248810762473056,0.4194569557317406
297,298,0.3800298062593144,0.4292101341281669,0.5506706408345752,0.4570885370279473,0.20415379117796362,0.2167008957789979
298,299,0.067064083457526,0.0774962742175856,0.1050670640834575,0.11446980617047309,0.11419955426429233,4.234507723063797
299,300,0.3204172876304024,0.6453055141579732,0.7764530551415797,0.5530149408872137,0.27406727664392727,-0.5220894939489704
300,301,0.2883755588673621,0.5916542473919523,0.8487332339791356,0.5533081172083396,0.29650954568554805,-0.26264632180644637
301,302,0.2771982116244411,0.5901639344262295,0.8442622950819672,0.5501897872472743,0.29830404780516867,-0.2456033604907534
302,303,0.2071535022354694,0.2280178837555886,0.29880774962742174,0.2786063463789393,0.15640722546537272,2.0215368927900355
303,304,0.3338301043219076,0.3859910581222057,0.5208643815201193,0.42980537090136167,0.2039708393394369,0.5035583124406786
304,305,0.26602086438152006,0.5588673621460507,0.793591654247392,0.5221270386304223,0.2860487728605641,-0.13332768247360818
305,306,0.044709388971684,0.0461997019374068,0.0536512667660208,0.0667220444162126,0.07905485471982522,7.0668859515367615
306,307,0.44783904619970194,0.5171385991058122,0.6274217585692996,0.5010205645421009,0.21475879386680247,-0.42230807876298054
307,308,0.3584202682563338,0.6154992548435171,0.7481371087928465,0.5510248955559356,0.25801057266873867,-0.5867838470663477
308,309,0.2652757078986587,0.2921013412816691,0.4135618479880775,0.3490508416603552,0.16805907898154995,1.0634369397489467
309,310,0.2593144560357675,0.5514157973174366,0.7660208643815202,0.5130430147409943,0.277882528432034,-0.14372462893267002
310,311,0.029806259314456,0.0312965722801788,0.0342771982116244,0.04341674791944755,0.06708541391350607,9.241547804332614
311,312,0.1758569299552906,0.1982116244411326,0.2526080476900149,0.25468804484709295,0.16017649822231025,2.268581824953862
312,313,0.1609538002980625,0.1833084947839046,0.2384500745156482,0.23586035034570368,0.15072100625847168,2.454443406853299
313,314,0.29880774962742174,0.6572280178837556,0.7988077496274217,0.5576568993050388,0.28167175346593687,-0.4854714483602621
314,315,0.3010432190760059,0.6318926974664679,0.8412816691505216,0.5699480944649642,0.29643060865285703,-0.39909843152697844
315,316,0.3368107302533532,0.3889716840536513,0.5223546944858419,0.4295499521367445,0.20631249677804472,0.4820888796612199
316,317,0.2570789865871833,0.5543964232488823,0.7853949329359166,0.5193818421689717,0.2850095424936926,-0.1514630992949902
317,318,0.3412816691505216,0.6810730253353204,0.8166915052160953,0.5760537134556826,0.2817557988465225,-0.5652303311871073
318,319,0.2548435171385991,0.5380029806259314,0.7660208643815202,0.5085454234509962,0.2790669911451446,-0.11862586007344106
319,320,0.3591654247391952,0.624441132637854,0.7719821162444114,0.5580522431320115,0.2628319165019076,-0.6001711116461494
320,321,0.44262295081967207,0.5424739195230999,0.6713859910581221,0.5217716733926941,0.23102536574769642,-0.44523957509258727
321,322,0.3576751117734724,0.6587183308494784,0.7853949329359166,0.5680024697884022,0.27046278237808047,-0.5743833858569413
322,323,0.2771982116244411,0.5856929955290611,0.8479880774962743,0.5499743470719014,0.2984615591679802,-0.23195824138528703
323,324,0.3323397913561848,0.3815201192250372,0.5126676602086438,0.4244904395645888,0.20627958094456425,0.535173832549746
324,325,0.2615499254843517,0.5484351713859911,0.7615499254843517,0.5114727445967826,0.27588127496069,-0.14055448258799638
325,326,0.2727272727272727,0.5946348733233979,0.8412816691505216,0.5509582645738617,0.29686857823524304,-0.2647162652803989
326,327,0.4023845007451565,0.5692995529061102,0.6773472429210134,0.5289433880965971,0.23938753769148446,-0.5601781998242664
327,328,0.3353204172876304,0.3859910581222057,0.5178837555886736,0.4210700491514544,0.19278669910047577,0.42528765124359763
328,329,0.2652757078986587,0.5812220566318927,0.8479880774962743,0.543937580095993,0.2975212613524303,-0.20914703159244175
329,330,0.4470938897168405,0.5469448584202683,0.6743666169895679,0.520912133723939,0.22556320274908015,-0.4989169061165663
330,331,0.293591654247392,0.6005961251862891,0.8435171385991058,0.556781812407133,0.2955344153035845,-0.29475720988752
331,332,0.2906110283159463,0.6199701937406855,0.8487332339791356,0.5641312097299002,0.2983400795957947,-0.34563457496060374
332,333,0.3815201192250372,0.4456035767511177,0.5991058122205664,0.4679693764006387,0.21485985821114406,0.037527499686921185
333,334,0.2921013412816691,0.6363636363636364,0.8368107302533532,0.5675049584555827,0.29646868476601357,-0.4148378692594969
334,335,0.2801788375558867,0.5767511177347243,0.8383010432190761,0.5446416474732421,0.29487749433872507,-0.20304501445886738
335,336,0.2906110283159464,0.6184798807749627,0.8397913561847987,0.5631472922279401,0.29661976439951465,-0.3568412711006565
336,337,0.2608047690014903,0.5514157973174366,0.7853949329359166,0.5180003598073032,0.2843686456916885,-0.1305588952190391
337,338,0.31669150521609535,0.6751117734724292,0.8181818181818182,0.5721158224151065,0.290116322047563,-0.4935304141220676
338,339,0.3815201192250372,0.4470938897168405,0.5991058122205664,0.4673563713655575,0.21369332227037335,0.027702925177116977
339,340,0.2995529061102832,0.6527570789865872,0.8152011922503726,0.5626075812731403,0.28705864747899024,-0.47009782602483846
340,341,0.2861400894187779,0.5931445603576752,0.8517138599105811,0.5556335384827237,0.2976815781689704,-0.2581064419002046
341,342,0.17213114754098358,0.1967213114754098,0.2608047690014903,0.25438820542775975,0.15992476075405082,2.189726771467613
342,343,0.327123695976155,0.684053651266766,0.8114754098360656,0.5712051989934279,0.2845407560468421,-0.5177479813083632
343,344,0.2839046199701937,0.3353204172876304,0.4664679582712369,0.3792768761618777,0.17436037854979342,0.6429431352025655
344,345,0.1922503725782414,0.2160953800298062,0.2906110283159464,0.2721253728558705,0.1609431678729955,2.017227226987773
345,346,0.1505216095380029,0.1669150521609538,0.2160953800298062,0.21917151036889132,0.14858803940315668,2.70385607599629
346,347,0.2608047690014903,0.5692995529061102,0.8293591654247392,0.5346114636383625,0.29306264097681983,-0.20980292474609244
347,348,0.37332339791356184,0.6289120715350224,0.7697466467958272,0.5628541159068143,0.2590614803892733,-0.6367021940097054
348,349,0.2801788375558867,0.5797317436661699,0.8450074515648286,0.5469648477148904,0.29803369123440554,-0.20157710552691913
349,350,0.2295081967213114,0.2578241430700447,0.3956780923994039,0.325792186851042,0.17232626565211762,1.28589231113981
350,351,0.35245901639344257,0.6482861400894188,0.7749627421758569,0.5632427966355795,0.2687602945870728,-0.5722455570644006
351,352,0.4403874813710879,0.5365126676602087,0.6594634873323397,0.5146732527690726,0.2319090548898167,-0.43756840730425534
352,353,0.1624441132637853,0.1847988077496274,0.2399403874813711,0.23940067652657127,0.1563060529606888,2.305463889961543
353,354,0.3479880774962742,0.6616989567809239,0.7906110283159464,0.5676226731905802,0.27321169854925215,-0.5776459133799743
354,355,0.1609538002980625,0.1773472429210134,0.2309985096870342,0.23079861674081206,0.15068158867697962,2.5403402384404328
355,356,0.26602086438152006,0.5588673621460507,0.797317436661699,0.5274264227380447,0.28613286427215734,-0.15783071332662355
356,357,0.3129657228017883,0.6438152011922503,0.8450074515648286,0.5744723381477919,0.2971210364998373,-0.4214535691568052
357,358,0.044709388971684,0.0476900149031296,0.0566318926974664,0.06794583345363922,0.0784153004158057,7.142470408265024
358,359,0.3360655737704918,0.6661698956780924,0.8002980625931445,0.5684777707938637,0.2787008948776457,-0.5254506363305644
359,360,0.31073025335320414,0.6527570789865872,0.8360655737704918,0.5737327342467701,0.2938722541166838,-0.4596134077152292
360,361,0.37555886736214605,0.6616989567809239,0.7600596125186289,0.5677181775982196,0.25786856509071754,-0.742152960233489
361,362,0.3502235469448584,0.3979135618479881,0.5171385991058122,0.4331124886449702,0.2055900978428204,0.4074759751032618
362,363,0.2205663189269746,0.2384500745156482,0.3472429210134128,0.3050544041968634,0.16372317061302463,1.6083283697909792
363,364,0.30551415797317427,0.6423248882265276,0.8405365126676602,0.5709320119669244,0.2950433188632094,-0.41895108816623344
364,365,0.4552906110283159,0.5409836065573771,0.6713859910581221,0.5203035707543293,0.2277315389607735,-0.4728242667111301
365,366,0.3040238450074516,0.6229508196721312,0.8383010432190761,0.5655970913355292,0.2951058925050046,-0.3869202099041638
366,367,0.232488822652757,0.2652757078986587,0.4008941877794337,0.3305407548401856,0.1714822125944996,1.3160521822125137
367,368,0.2704918032786885,0.587183308494784,0.8539493293591655,0.5508005712496197,0.30015848213931917,-0.22849631660377767
368,369,0.3114754098360656,0.6676602086438153,0.8084947839046199,0.5621611536932444,0.2840241717095762,-0.512372779246931
369,370,0.3889716840536513,0.4560357675111773,0.6043219076005961,0.471625196283768,0.2144516457925067,-0.03263037930532337
370,371,0.2459016393442623,0.2727272727272727,0.39716840536512665,0.3362154934801584,0.1685387432483415,1.300270905150303
371,372,0.323397913561848,0.6378539493293591,0.8375558867362146,0.5705277840090085,0.29132912585359233,-0.4284350235360622
372,373,0.2160953800298062,0.2369597615499254,0.3159463487332339,0.29340952956305616,0.1600026762716725,1.914450653914604
373,374,0.2965722801788375,0.6229508196721312,0.8472429210134128,0.5679091864134986,0.29806862096645403,-0.36467851770641907
374,375,0.2615499254843517,0.5663189269746647,0.8181818181818182,0.5302404712143052,0.2913830537363407,-0.17743804625235085
375,376,0.3994038748137108,0.5961251862891207,0.6892697466467959,0.5411279736852042,0.23719376702014203,-0.6480578285328217
376,377,0.28166915052160946,0.5842026825633383,0.8502235469448585,0.55019200828001,0.2971134572204683,-0.23269874920040085
377,378,0.3375558867362146,0.390461997019374,0.5223546944858419,0.433785461563918,0.20319100444901603,0.4820882016057884
378,379,0.3427719821162444,0.6184798807749627,0.7153502235469449,0.5383005990125289,0.25214500977092325,-0.6415605736518717
379,380,0.0283159463487332,0.0283159463487332,0.0312965722801788,0.03982978005112813,0.06766609614698474,10.159372779134996
380,381,0.4575260804769001,0.5380029806259314,0.6304023845007451,0.5099335689108723,0.2193738406633117,-0.5009270561128641
381,382,0.1907600596125186,0.2146050670640834,0.2891207153502235,0.27463069778185456,0.16402069246178022,2.031759912491225
382,383,0.33457526080476896,0.6661698956780924,0.7876304023845007,0.5673361599676617,0.27844335421148236,-0.5380004565163007
383,384,0.1132637853949329,0.1266766020864381,0.1594634873323397,0.17404900930834816,0.14469094500543106,3.306469336611246
384,385,0.42026825633383014,0.6020864381520119,0.7190760059612519,0.5472335926759224,0.23587837920368168,-0.8002914341710221
385,386,0.42026825633383014,0.5439642324888226,0.6661698956780924,0.5198527011089616,0.23401736109557378,-0.4671060078729042
386,387,0.0894187779433681,0.1013412816691505,0.1281669150521609,0.1449756907967066,0.13356457983794998,3.5921432434755345
387,388,0.0283159463487332,0.0283159463487332,0.0312965722801788,0.03935225801293082,0.06777041862109266,10.001531433736826
388,389,0.3293591654247392,0.684053651266766,0.819672131147541,0.5769288003535884,0.2888167742558437,-0.5120923632655419
389,390,0.3934426229508196,0.4619970193740685,0.620715350223547,0.4787458272347476,0.2144766949899599,-0.04571969439717575
390,391,0.3628912071535022,0.4128166915052161,0.5320417287630402,0.44774243127569446,0.20075208065676664,0.34743279043512104
391,392,0.2734724292101341,0.5663189269746647,0.8166915052160953,0.5335053893359335,0.29199685647540596,-0.16232484696417762
392,393,0.3263785394932936,0.6706408345752608,0.8248882265275708,0.576922137255381,0.2905149215383271,-0.48577143598467903
393,394,0.3204172876304024,0.3710879284649776,0.5104321907600595,0.4097139087733013,0.19371235291199748,0.4688287922714043
394,395,0.2637853949329359,0.555886736214605,0.8092399403874814,0.5283148358323654,0.2910420026393747,-0.15544990937623288
395,396,0.45827123695976146,0.5454545454545454,0.6624441132637854,0.519401831463594,0.21846859424889933,-0.5859713207849425
396,397,0.3651266766020864,0.6348733233979136,0.7660208643815202,0.5605331366979017,0.264681752563163,-0.5789426757934424
397,398,0.3695976154992548,0.6318926974664679,0.7712369597615499,0.5633338589777473,0.26348962961066985,-0.6449565087363847
398,399,0.2481371087928465,0.5409836065573771,0.7660208643815202,0.5088919045577812,0.27995742152760467,-0.12154668895254067
399,400,0.3204172876304024,0.6795827123695977,0.7958271236959762,0.5615081700689186,0.2786795682545004,-0.5509341385202565
400,401,0.4113263785394933,0.4798807749627422,0.6125186289120715,0.484011895851333,0.21637303122696225,-0.15926608795994818
401,402,0.1445603576751117,0.1594634873323397,0.2071535022354694,0.2126350110274275,0.14794864963399318,2.7610189507183462
402,403,0.29135618479880776,0.6110283159463488,0.8472429210134128,0.5605509049597882,0.29722018621086443,-0.32147205666202006
403,404,0.3181818181818181,0.6616989567809239,0.8397913561847987,0.5788166781790197,0.29528449887154906,-0.4730895494433265
404,405,0.0774962742175856,0.0923994038748137,0.1162444113263785,0.13064114551984377,0.12813880407156092,3.952974288401307
405,406,0.44411326378539495,0.5141579731743666,0.6214605067064084,0.49771122576575655,0.21118920519160894,-0.4057234075973148
406,407,0.0774962742175856,0.0894187779433681,0.1147540983606557,0.12828240875442257,0.12505649430348645,4.0663282323530305
407,408,0.187779433681073,0.2131147540983606,0.28688524590163933,0.2733136253695243,0.16591930933068724,2.0446481552949436
408,409,0.3725782414307004,0.6289120715350224,0.7712369597615499,0.5637625182957572,0.26030529092171406,-0.6307303966948169
409,410,0.2675111773472429,0.5886736214605067,0.8226527570789866,0.5436910454623191,0.29252582908422403,-0.3187641934243798
410,411,0.2876304023845007,0.6050670640834576,0.849478390461997,0.5586208275123766,0.2997766220394693,-0.29818901579491786
411,412,0.2921013412816691,0.3442622950819672,0.4627421758569299,0.38441634591252233,0.18300839483620884,0.7529539305022701
412,413,0.2786885245901639,0.5931445603576752,0.853204172876304,0.5515890378708291,0.2988495346716623,-0.2431191808265797
413,414,0.349478390461997,0.6602086438152012,0.7913561847988078,0.5686732216746143,0.27394034189074457,-0.5491444540404995
414,415,0.2682563338301043,0.5856929955290611,0.8479880774962743,0.5487772104273045,0.2980728731001784,-0.2561249703492613
415,416,0.4038748137108793,0.6154992548435171,0.713859910581222,0.5543742129215242,0.24455613633210904,-0.7111274040416787
416,417,0.27794336810730247,0.3293591654247392,0.4500745156482861,0.3752479227791338,0.18485464828789283,0.8607723636628907
417,418,0.2712369597615499,0.3248882265275707,0.4433681073025335,0.3722384234221228,0.18290087847169043,0.8324939305676038
418,419,0.3330849478390462,0.6527570789865872,0.7809239940387481,0.5599445630229144,0.27376545543859016,-0.5405613333511708
419,420,0.3949329359165425,0.4590163934426229,0.6147540983606556,0.4791322869307771,0.21418731526888074,-0.04856661045465352
420,421,0.2771982116244411,0.6065573770491803,0.860655737704918,0.5588451518186927,0.3013625621112748,-0.2944082876067327
421,422,0.43591654247391953,0.503725782414307,0.6229508196721312,0.4937688926597089,0.21523937978499075,-0.33191942494941085
422,423,0.1087928464977645,0.1207153502235469,0.1535022354694485,0.17322722719610162,0.14967840907646207,3.1975399009561443
423,424,0.29135618479880776,0.6035767511177347,0.8442622950819672,0.5584586921226632,0.29691696300248344,-0.3054584433330087
424,425,0.2980625931445604,0.6512667660208644,0.7801788375558867,0.546847132979893,0.2761774560747008,-0.5100390151227957
425,426,0.2131147540983606,0.2309985096870342,0.3353204172876304,0.29705868634797805,0.16520576176289925,1.718593729817197
426,427,0.1117734724292101,0.1251862891207153,0.1564828614008941,0.17749161004884045,0.1490711593753437,3.111622424422575
427,428,0.2339791356184798,0.2652757078986587,0.38524590163934425,0.32668948407630577,0.17373418106417698,1.2812133922944868
428,429,0.2511177347242921,0.5394932935916542,0.7570789865871833,0.5037013510542132,0.2749829192210454,-0.13321907454838214
429,430,0.1177347242921013,0.1311475409836065,0.16915052160953797,0.18207360058279895,0.14507541187245632,3.023705403227297
430,431,0.1102831594634873,0.1222056631892697,0.1542473919523099,0.17078187015398416,0.14224763512076308,3.2776605310706177
431,432,0.4098360655737705,0.5305514157973175,0.6579731743666171,0.5080967748383644,0.23084213521304248,-0.4183522082681887
432,433,0.2160953800298062,0.2339791356184798,0.3114754098360656,0.2892784086744654,0.1580515892591655,1.926132062894365
433,434,0.2198211624441132,0.2369597615499254,0.3479880774962742,0.30690674549852187,0.16931427598660018,1.7265483228114686
434,435,0.2712369597615499,0.5946348733233979,0.8315946348733234,0.5481797526213739,0.2941996564141019,-0.2975012217304791
435,436,0.4433681073025335,0.5409836065573771,0.6721311475409837,0.5228399901386146,0.22793672131989925,-0.448245735187599
436,437,0.2675111773472429,0.5752608047690015,0.8323397913561847,0.5404438956025773,0.296422635472232,-0.18732759639849372
437,438,0.2764530551415797,0.5991058122205664,0.8383010432190761,0.5496056556377584,0.29682172192421286,-0.27403152537742137
438,439,0.236214605067064,0.2727272727272727,0.3748137108792846,0.32454174542078573,0.16535272009771215,1.4812781584441284
439,440,0.2831594634873323,0.61698956780924,0.8517138599105811,0.564446596378384,0.3006428119677887,-0.35508474179847477
440,441,0.323397913561848,0.3770491803278688,0.5171385991058122,0.4220250932278491,0.20128893304384654,0.5291661376797238
441,442,0.1639344262295081,0.1818181818181818,0.2339791356184798,0.2338791891453688,0.15162537566752227,2.5706304353738654
442,443,0.36736214605067063,0.624441132637854,0.7600596125186289,0.5571416197103328,0.2601074077326443,-0.6444899476470272
443,444,0.27570789865871825,0.5707898658718331,0.8174366616989568,0.5368791380616159,0.291227103796169,-0.1826548013554544
444,445,0.2630402384500745,0.563338301043219,0.7928464977645305,0.5238394548697253,0.28598742449955133,-0.15043645934497682
445,446,0.3114754098360655,0.6453055141579732,0.8330849478390462,0.5706321725475911,0.2934114690607316,-0.4416391627532422
446,447,0.34649776453055137,0.6780923994038748,0.8002980625931446,0.5733573797144196,0.2777139147679316,-0.582202172342452
447,448,0.2652757078986587,0.5916542473919523,0.8241430700447094,0.5419164403064136,0.29339786376791505,-0.2977793507937317
448,449,0.27198211624441126,0.5886736214605067,0.8539493293591655,0.5504696373719852,0.30025532803337257,-0.2473737061457203
449,450,0.2742175856929955,0.3278688524590163,0.4448584202682563,0.36684353490686095,0.168439617530955,0.7753817474533016
450,451,0.3621460506706408,0.6289120715350224,0.7690014903129657,0.5617791360626864,0.2607905300407563,-0.6201456068519725
451,452,0.0104321907600596,0.0104321907600596,0.0119225037257824,0.013428363920655814,0.03950879496540507,23.480536566800332
452,453,0.42995529061102833,0.5409836065573771,0.6706408345752608,0.5212164152087437,0.23517868414861368,-0.4376739743612249
453,454,0.2771982116244411,0.6274217585692996,0.8301043219076006,0.5581855050961596,0.29426293644420803,-0.3889864551152806
454,455,0.2734724292101341,0.5946348733233979,0.8330849478390462,0.5468182595543276,0.2951329551814262,-0.2828142890044496
455,456,0.3546944858420268,0.6050670640834576,0.6997019374068554,0.5364327104817198,0.24901405341061134,-0.643259628552558
456,457,0.0983606557377049,0.1073025335320417,0.1356184798807749,0.15404194642424832,0.1386260464846079,3.410646387463366
457,458,0.33010432190760053,0.6080476900149031,0.7078986587183308,0.5308401500529716,0.2516001548745187,-0.6138618445529648
458,459,0.2690014903129657,0.587183308494784,0.853204172876304,0.5493546789386129,0.29838389696794215,-0.2327894607240281
459,460,0.1356184798807749,0.1490312965722801,0.1982116244411326,0.20399963575063126,0.14980696482109754,2.7432876878655312
460,461,0.0685543964232488,0.0804769001490312,0.1028315946348733,0.10876175203946326,0.09568292396078922,4.500390527089149
461,462,0.32861400894187776,0.6810730253353204,0.8159463487332339,0.5721469168734078,0.28637524440968504,-0.518215562180131
462,463,0.0774962742175856,0.0894187779433681,0.1132637853949329,0.12871995220337548,0.12748089297326654,3.892014279227429
463,464,0.30923994038748137,0.639344262295082,0.8442622950819672,0.5712118620916354,0.2962311003669365,-0.4070251120648162
464,465,0.3390461997019374,0.669150521609538,0.8025335320417287,0.5709275699014529,0.2786883596745789,-0.5488722672159407
465,466,0.1922503725782414,0.2146050670640834,0.2883755588673621,0.27253848494472954,0.15927690957936744,2.022833641436666
466,467,0.40909090909090906,0.5856929955290611,0.6907600596125186,0.5410480165067152,0.23938917817764716,-0.6178187946261301
467,468,0.0193740685543964,0.0208643815201192,0.0216095380029806,0.027041073558383154,0.050252932662344034,13.602368609232201
468,469,0.2861400894187779,0.5842026825633383,0.8464977645305514,0.5487394528707958,0.29524530499862356,-0.2276749484815203
469,470,0.37332339791356184,0.6363636363636364,0.7682563338301043,0.5639557481437719,0.26296243982089335,-0.6050288482126356
470,471,0.225037257824143,0.2399403874813711,0.349478390461997,0.30471680722102157,0.16706972089305258,1.7421578638794466
471,472,0.0193740685543964,0.0208643815201192,0.022354694485842,0.028384798363543056,0.057147165039683444,13.14605821898939
472,473,0.3859910581222057,0.4500745156482861,0.5909090909090908,0.4689755042299568,0.21498732513264007,0.029955283709677608
473,474,0.3502235469448584,0.65424739195231,0.7771982116244411,0.5635048784984041,0.2709026531520194,-0.5508578549134333
474,475,0.0968703427719821,0.1087928464977645,0.1385991058122205,0.1517787140664666,0.13208208433057228,3.611525942116754
475,476,0.30327868852459017,0.6348733233979136,0.8464977645305514,0.5732729804704592,0.29814348848881633,-0.4143236844240531
476,477,0.2757078986587183,0.563338301043219,0.819672131147541,0.5349557237124118,0.2919739733442997,-0.16558573735006876
477,478,0.4247391952309985,0.4932935916542474,0.6140089418777943,0.48540004131120884,0.2151608050129056,-0.2768757865046876
478,479,0.371833084947839,0.4202682563338301,0.5387481371087928,0.44501500307613034,0.20299267447321737,0.23464962334241188
479,480,0.0804769001490312,0.0909090909090909,0.1154992548435171,0.128311282179988,0.12254960996688286,4.196682229533922
480,481,0.0461997019374068,0.0491803278688524,0.059612518628912,0.0713417925066797,0.08078187597800317,6.887805593717608
481,482,0.4016393442622951,0.6274217585692996,0.7250372578241431,0.5566307821810986,0.24665569473494667,-0.7049877677897354
482,483,0.3874813710879284,0.4456035767511177,0.5633383010432191,0.4598137441947757,0.2078894854891641,0.08054908815779162
483,484,0.2809239940387481,0.5827123695976155,0.853204172876304,0.5500343149557682,0.29839926612554374,-0.2276238816109831
484,485,0.27570789865871825,0.5707898658718331,0.8204172876304023,0.538724816265067,0.29138458273552487,-0.18250147991243182
485,486,0.32861400894187776,0.3800298062593144,0.5268256333830104,0.42283799120915244,0.19750214238364347,0.4803549098813011
486,487,0.390461997019374,0.4426229508196721,0.5476900149031296,0.4571174104535127,0.18245948205571047,-0.12329044407605264
487,488,0.3837555886736215,0.6184798807749627,0.713859910581222,0.5472580240360162,0.2474674571988564,-0.6722209832576748
488,489,0.2853949329359165,0.6080476900149031,0.8502235469448585,0.5603265806534722,0.2993631551212804,-0.30617848805135417
489,490,0.2704918032786885,0.5782414307004471,0.8338301043219076,0.5432845964716675,0.29650580191426146,-0.20131221534246227
490,491,0.3725782414307004,0.6259314456035767,0.7734724292101341,0.5624343407197478,0.2600060737214112,-0.6321453212120342
491,492,0.4232488822652757,0.5663189269746647,0.6751117734724292,0.5326880492891585,0.23355269799888045,-0.546280100957712
492,493,0.3889716840536513,0.4530551415797317,0.6065573770491803,0.4748212623905864,0.21204886862054104,0.001974400235118786
493,494,0.44783904619970194,0.5499254843517138,0.6616989567809239,0.5144911280847368,0.22678559793348482,-0.546684824107241
494,495,0.2675111773472429,0.5856929955290611,0.8554396423248882,0.5497611279292646,0.3003443251255844,-0.2554191545454689
495,496,0.4262295081967213,0.4783904619970194,0.5991058122205664,0.487043605535702,0.19762861352775382,-0.3413382963473183
496,497,0.39418777943368105,0.4426229508196721,0.5603576751117735,0.46655457854793314,0.20312732706138042,0.10137663965134742
497,498,0.26602086438152006,0.5588673621460507,0.8092399403874814,0.529571940360829,0.2912616982018446,-0.15267854088455873
498,499,0.3360655737704918,0.6646795827123696,0.7988077496274217,0.5674960743246394,0.2784862459071493,-0.5309769217388332
499,500,0.2339791356184798,0.2667660208643815,0.3964232488822653,0.32902156844889735,0.17231814219025227,1.3338334418748368
500,501,0.1892697466467958,0.2146050670640834,0.2861400894187779,0.2717944389782361,0.16332407260248527,2.065057676164704
501,502,0.3591654247391952,0.4113263785394933,0.5320417287630402,0.44527486390621906,0.20614684619988913,0.32756460316571295
502,503,0.29880774962742174,0.6497764530551415,0.793591654247392,0.5527484169589175,0.28200886769320205,-0.4674867651945111
503,504,0.2682563338301043,0.5618479880774963,0.8025335320417288,0.5288945253764096,0.28840357806252076,-0.15008613552695316
504,505,0.1087928464977645,0.1207153502235469,0.15275707898658708,0.1710994778352038,0.14611786452740616,3.2650086180179696
505,506,0.2540983606557377,0.5499254843517138,0.778688524590164,0.5139913957191815,0.2821472068367309,-0.12853350277348022
506,507,0.2861400894187779,0.6140089418777943,0.8509687034277198,0.563384942730671,0.3002188413154281,-0.33994556931498227
507,508,0.327123695976155,0.6825633383010432,0.8099850968703428,0.5722823998702917,0.28523079216855723,-0.5222086487720594
508,509,0.0253353204172876,0.0268256333830104,0.0283159463487332,0.035880783846873085,0.06144672250290945,10.61357687409349
509,510,0.3174366616989568,0.3695976154992548,0.4873323397913562,0.4066933042526114,0.1841807964362062,0.6324567349586545
510,511,0.3189269746646795,0.6557377049180327,0.8278688524590163,0.5702901335062777,0.2899953928688338,-0.45890365887430756
511,512,0.2965722801788376,0.6318926974664679,0.8353204172876304,0.5634693419746313,0.2949769537667699,-0.3995700210544723
512,513,0.2585692995529061,0.5618479880774963,0.8062593144560357,0.5256518175821393,0.2900111212985837,-0.14280490924908557
513,514,0.1236959761549925,0.1356184798807749,0.1669150521609538,0.18631799414091557,0.1473163866256161,3.0924581787174734
514,515,0.34426229508196715,0.6646795827123696,0.7898658718330849,0.567198455938042,0.2743159246966832,-0.5610537290625638
515,516,0.4262295081967213,0.488822652757079,0.6304023845007451,0.4965385204812533,0.20902897011046462,-0.2947447478994906
516,517,0.3390461997019374,0.6751117734724292,0.8032786885245902,0.5700280516434533,0.27783557765583217,-0.5959526569313893
517,518,0.0417287630402384,0.0432190760059612,0.0476900149031296,0.06133604003189398,0.08011066765404459,7.798160739083071
518,519,0.195230998509687,0.2190760059612518,0.2906110283159464,0.2769872135145399,0.16430609329211918,2.0601851313998494
519,520,0.323397913561848,0.3770491803278688,0.5208643815201193,0.4173498193189869,0.20371722762115985,0.48538853280469635
520,521,0.35171385991058124,0.6333830104321908,0.767511177347243,0.55815885270333,0.26625724953885277,-0.593903126626911
521,522,0.2354694485842026,0.2652757078986587,0.40461997019374063,0.3290770942672924,0.16683788682302533,1.3072008400656718
522,523,0.3278688524590163,0.3770491803278688,0.5156482861400894,0.4158772746151506,0.1988938108266112,0.4498333695049401
523,524,0.3934426229508196,0.6080476900149031,0.698956780923994,0.5429891991178057,0.2442478213654198,-0.6574372083065799
524,525,0.338301043219076,0.3859910581222057,0.5268256333830104,0.42539884195353156,0.19985192114813394,0.4370551697617146
525,526,0.3070044709388971,0.6378539493293591,0.842026825633383,0.569312879102525,0.2956700915139595,-0.4146988457973025
526,527,0.3845007451564828,0.4515648286140089,0.5931445603576752,0.46218358612387583,0.21582606217749933,-0.021495112598498366
527,528,0.3874813710879284,0.4500745156482861,0.6065573770491803,0.47241366290497755,0.2169342708044851,0.010244953498529167
528,529,0.0342771982116244,0.03725782414307,0.0417287630402384,0.05242969876133,0.07408696631297074,8.104199577863135
529,530,0.42995529061102833,0.5439642324888226,0.6721311475409836,0.5221581330887236,0.23415339213341219,-0.45728068243535125
530,531,0.4463487332339791,0.518628912071535,0.6222056631892698,0.4965496256449323,0.21735670147738229,-0.42705058049691813
531,532,0.30923994038748137,0.6453055141579732,0.7779433681073026,0.5523019893790214,0.27374528928429115,-0.5226309339021928
532,533,0.338301043219076,0.3845007451564828,0.526080476900149,0.4295121945802359,0.2014950975200906,0.4614135845115291
533,534,0.1639344262295081,0.187779433681073,0.2533532041728763,0.24681448379867665,0.15754824826519084,2.1628177658738506
534,535,0.2995529061102832,0.6333830104321908,0.84575260804769,0.5659080359185413,0.29601951200368426,-0.4129724505887682
535,536,0.4202682563338301,0.4858420268256334,0.6311475409836065,0.49510817539939717,0.2092144715809563,-0.24449526613124706
536,537,0.0998509687034277,0.1117734724292101,0.1415797317436661,0.15764224048898254,0.1371201548462595,3.315628263728567
537,538,0.2704918032786885,0.5663189269746647,0.8360655737704918,0.5405838206649328,0.2978221315437881,-0.17735170980566214
538,539,0.2839046199701937,0.6065573770491803,0.8450074515648286,0.5584875655482285,0.29633010420764083,-0.33234292595722137
539,540,0.2786885245901639,0.5752608047690015,0.8397913561847987,0.5435200259416624,0.2948698836290671,-0.20464693636711842
540,541,0.2742175856929955,0.5931445603576752,0.8539493293591655,0.5534547053689024,0.300806607881976,-0.24655125118522597
541,542,0.3859910581222056,0.6020864381520119,0.698956780923994,0.5399286160078713,0.2455393480610006,-0.63237382817647
542,543,0.3688524590163934,0.6482861400894188,0.7690014903129657,0.565665943350339,0.26253769654488873,-0.6779420383876917
543,544,0.0916542473919523,0.1028315946348733,0.1311475409836065,0.14637494142026156,0.13015208607091466,3.495742218990934
544,545,0.3919523099850969,0.4619970193740685,0.5983606557377049,0.47482348342332215,0.20534265058531986,-0.04813611851985664
545,546,0.4590163934426229,0.5484351713859911,0.6430700447093889,0.5149264505009539,0.22310803265672133,-0.5090616325097848
546,547,0.0044709388971684,0.0044709388971684,0.0044709388971684,0.00636103775533547,0.03848148335137628,25.77485778701278
547,548,0.4560357675111773,0.5514157973174366,0.6684053651266766,0.5209210178548822,0.22057861848235258,-0.6074571528587743
548,549,0.2645305514157973,0.5678092399403875,0.8025335320417288,0.5290033559804638,0.2884352910308439,-0.1642436977010869
549,550,0.3502235469448584,0.3949329359165425,0.5134128166915053,0.43172878525056574,0.20350968659732294,0.3985922398449224
550,551,0.3897168405365127,0.6125186289120715,0.7123695976154992,0.5489704402753193,0.24493915051857848,-0.6719280412254135
551,552,0.2570789865871833,0.5648286140089419,0.8152011922503726,0.5311222212104184,0.29276511419268436,-0.15894912324857577
552,553,0.2116244411326378,0.232488822652757,0.3040238450074515,0.28721729029564164,0.1607694078917579,1.9855158107895345
553,554,0.35171385991058124,0.624441132637854,0.7600596125186289,0.5561799125357307,0.2634355635677587,-0.5794158669492476
554,555,0.3353204172876304,0.6497764530551415,0.7712369597615499,0.5572260189542934,0.27044252984929257,-0.5398498223339264
555,556,0.2786885245901639,0.6020864381520119,0.853204172876304,0.558349861518609,0.2991490314457793,-0.31364946945241035
556,557,0.3330849478390462,0.6676602086438153,0.823397913561848,0.5762136278126603,0.28968625140205023,-0.4870288575399448
557,558,0.1356184798807749,0.1520119225037257,0.20044709388971682,0.21003196066106813,0.15075057455233792,2.5364974344077584
558,559,0.2473919523099851,0.2786885245901639,0.3964232488822653,0.33705726488702714,0.16941608974318303,1.1916585930891055
559,560,0.3949329359165425,0.4605067064083457,0.6050670640834576,0.4704591540974722,0.21471071663589358,-0.0862126422571222
560,561,0.1639344262295081,0.1788375558867362,0.22429210134128158,0.22741376285145062,0.14360358541699159,2.642495211743033
561,562,0.1639344262295081,0.1847988077496274,0.23472429210134121,0.23403688246961063,0.14902245444495377,2.552972787097419
562,563,0.2459016393442623,0.2771982116244411,0.3994038748137108,0.3402666571902603,0.17203793320271496,1.2715908164734666
563,564,0.007451564828614,0.007451564828614,0.0089418777943368,0.01034112841789174,0.03891811913481529,24.699553245853988
564,565,0.2764530551415797,0.6050670640834576,0.8487332339791356,0.5571616090049551,0.2987975511666256,-0.29887625795483336
565,566,0.3062593144560357,0.6214605067064084,0.84575260804769,0.5685377386777304,0.29735416214369065,-0.36754384068666524
566,567,0.3025335320417288,0.6795827123695977,0.8017883755588674,0.5609373646558177,0.28341915686769875,-0.5011992124890197
567,568,0.3114754098360656,0.6512667660208644,0.8323397913561847,0.5687109792311228,0.2900891860456689,-0.48434627972208366
568,569,0.3859910581222057,0.4530551415797317,0.6020864381520119,0.4736374519424042,0.21194082144443763,-0.010019808809102096
569,570,0.3390461997019374,0.3874813710879284,0.5081967213114754,0.4276287588202762,0.20449732858354713,0.49520524764001705
570,571,0.3763040238450074,0.6318926974664679,0.7712369597615499,0.5638713488998114,0.2634783829498705,-0.6142158651477283
571,572,0.3934426229508196,0.4634873323397913,0.5983606557377049,0.47122763142405955,0.21139435306723803,-0.07755741607896853
572,573,0.30849478390462,0.639344262295082,0.8464977645305514,0.5732218967175358,0.2980524614994921,-0.41699481579673725
573,574,0.1341281669150521,0.1475409836065573,0.1907600596125186,0.19978855768355164,0.14637518668705418,2.8600521709601407
574,575,0.0476900149031296,0.0506706408345752,0.0685543964232488,0.07683440646231679,0.0808675126459644,5.708450504656232
575,576,0.2995529061102832,0.6602086438152012,0.8226527570789866,0.5667786807509756,0.2876479611811798,-0.4929745855042804
576,577,0.1050670640834575,0.1162444113263785,0.1520119225037257,0.16716824989283513,0.14507241096459247,3.2617080439750903
577,578,0.2727272727272727,0.5707898658718331,0.8286140089418778,0.536541541085774,0.2951416295792836,-0.17410983163349053
578,579,0.24664679582712368,0.5230998509687034,0.7123695976154992,0.4825748876712694,0.2582985354364694,-0.16302561758070414
579,580,0.0327868852459016,0.0342771982116244,0.0402384500745156,0.04750122712058649,0.06387688701448395,9.6400696207053
580,581,0.2682563338301043,0.5618479880774963,0.7988077496274217,0.5274219806725732,0.2873586864319275,-0.1484399539120165
581,582,0.3308494783904619,0.3830104321907601,0.526080476900149,0.42650269522322487,0.1969607419456968,0.45632528074319473
582,583,0.27198211624441126,0.5827123695976155,0.8405365126676602,0.5421896273329172,0.2965862607281514,-0.2126762754787533
583,584,0.2205663189269746,0.2399403874813711,0.3412816691505216,0.30136082675722553,0.16687507390451278,1.7728442293861395
584,585,0.0760059612518628,0.0864381520119225,0.1132637853949329,0.1237137444168789,0.11853286722317581,4.140134259829746
585,586,0.3025335320417288,0.6348733233979136,0.7615499254843517,0.5432535020133662,0.270275887308437,-0.5206707436902771
586,587,0.03725782414307,0.0402384500745156,0.044709388971684,0.055317041317871934,0.07487888200113495,7.911221350969936
587,588,0.3040238450074516,0.6706408345752608,0.8107302533532041,0.5624832034399354,0.28414507812427064,-0.5130495003041484
588,589,0.29880774962742174,0.624441132637854,0.849478390461997,0.5693972783464856,0.2994724154898256,-0.3825673751734226
589,590,0.3785394932935916,0.6363636363636364,0.726527570789866,0.5517911518497871,0.24774926777917733,-0.7801279581731388
590,591,0.2861400894187779,0.5931445603576752,0.84575260804769,0.5528461423992929,0.29727944981045984,-0.2620259055021715
591,592,0.323397913561848,0.3710879284649776,0.4798807749627422,0.4043745460764346,0.18613176220170155,0.58907975205831
592,593,0.3919523099850969,0.6274217585692996,0.7228017883755589,0.5579078760041843,0.24812073205573099,-0.7281388381371593
593,594,0.4545454545454545,0.5245901639344263,0.6236959761549925,0.4990927081274251,0.21600091709336502,-0.47764198716677986
594,595,0.225037257824143,0.2399403874813711,0.3502235469448584,0.30977187772770576,0.16885298874873744,1.7471048193917897
595,596,0.0611028315946348,0.0685543964232488,0.0923994038748137,0.09854278042204057,0.09185166678792836,4.652443291066229
596,597,0.1758569299552906,0.2011922503725782,0.2600596125186289,0.2560939585688553,0.1588625776083888,2.254226368060753
597,598,0.1490312965722801,0.1654247391952309,0.2205663189269746,0.22271405758249466,0.1544776917290695,2.6082459795819743
598,599,0.2160953800298062,0.2354694485842026,0.31073025335320414,0.2921546460673283,0.1579893435143367,1.9493864710712034
599,600,0.3211624441132638,0.6646795827123696,0.8181818181818182,0.5723779042779312,0.2881147359538274,-0.4898272966805905
600,601,0.3435171385991058,0.6572280178837556,0.7868852459016393,0.5653039150144035,0.27421313544810644,-0.5482750599469537
601,602,0.4083457526080477,0.4769001490312965,0.6035767511177347,0.48456715403528333,0.20760577511527017,-0.14460115311347377
602,603,0.3889716840536513,0.4575260804769001,0.6073025335320417,0.4728512063539304,0.2132893032429908,-0.021348869555316143
603,604,0.2615499254843517,0.5573770491803278,0.7742175856929956,0.5168565279483655,0.28036134596347206,-0.13806164259640769
604,605,0.1162444113263785,0.1311475409836065,0.172876304023845,0.18586268243007628,0.1486279331378893,2.7679794376791524
605,606,0.4284649776453055,0.5484351713859911,0.6721311475409836,0.5270133106491857,0.23520676644867794,-0.4764760501437817
606,607,0.0998509687034277,0.1147540983606557,0.14381520119225027,0.1556766265177982,0.13156206320460165,3.372793610946242
607,608,0.1192250372578241,0.1311475409836065,0.1654247391952309,0.18305307601928741,0.14813576713599239,3.187946115586743
608,609,0.40014903129657226,0.6259314456035767,0.7213114754098361,0.5583009987984213,0.2463907795895556,-0.6891501005276365
609,610,0.44411326378539495,0.5454545454545454,0.6736214605067065,0.5225379296865456,0.22954274088880383,-0.4700040459105322
610,611,0.30327868852459017,0.6453055141579732,0.8397913561847987,0.5717671202755857,0.29625418141737647,-0.43434666283938433
611,612,0.360655737704918,0.6259314456035767,0.7690014903129657,0.5590961285178382,0.26406906156999704,-0.6115762048053734
612,613,0.3308494783904619,0.6348733233979136,0.7600596125186289,0.5530926770329667,0.2679724277868013,-0.5529664851805945
613,614,0.3934426229508196,0.4590163934426229,0.6087928464977646,0.477768572830995,0.2108610462492117,-0.0486877509360966
614,615,0.1043219076005961,0.1162444113263785,0.1505216095380029,0.16543584435890998,0.14129875151580834,3.2670440594411376
615,616,0.30774962742175854,0.6348733233979136,0.8368107302533532,0.5687376316239524,0.2940815820677334,-0.43607670566838674
616,617,0.356929955290611,0.6304023845007451,0.7630402384500745,0.5567285076214739,0.26545004278534695,-0.5830877585685084
617,618,0.3241430700447093,0.6572280178837556,0.8256333830104322,0.5737194080503553,0.28935892174780575,-0.47497335872229535
618,619,0.3010432190760059,0.6304023845007451,0.8524590163934426,0.5729242783309383,0.3007472830789513,-0.3860726597258319
619,620,0.338301043219076,0.390461997019374,0.5178837555886736,0.4319597726550891,0.2038937806022959,0.5010192312036497
620,621,0.390461997019374,0.4500745156482861,0.6028315946348732,0.47176956341159515,0.21573560708936454,0.011662926361659848
621,622,0.3144560357675112,0.6482861400894188,0.7801788375558867,0.5544630542309563,0.2767079831015696,-0.5055676223963873
622,623,0.3845007451564828,0.4470938897168405,0.5611028315946349,0.45455655970913345,0.20584435322012234,0.05241186473908156
623,624,0.0163934426229508,0.0178837555886736,0.0193740685543964,0.024724536414942197,0.05507090524092457,14.312746399669223
624,625,0.4426229508196721,0.5380029806259314,0.6713859910581221,0.5159236941993288,0.2253076047301738,-0.45639501989599757
625,626,0.3427719821162444,0.3949329359165425,0.5238450074515648,0.4310291599387882,0.19108264186386362,0.38639741925597604
626,627,0.2965722801788376,0.34575260804769,0.4605067064083457,0.3833946708540537,0.18256939293342683,0.6948012142204244
627,628,0.3845007451564829,0.6289120715350224,0.7466467958271237,0.5591027916160456,0.2545550553604571,-0.6767246782589857
628,629,0.2839046199701937,0.6020864381520119,0.8561847988077496,0.5617791360626864,0.30245778279480906,-0.2991760408255337
629,630,0.2764530551415797,0.5916542473919523,0.842026825633383,0.5520510126798759,0.2976584114714659,-0.28293145205498077
630,631,0.293591654247392,0.6154992548435171,0.8517138599105811,0.5669696895662545,0.2998323301362619,-0.36269474157105364
631,632,0.3144560357675112,0.669150521609538,0.797317436661699,0.5617236102442914,0.2825028199798872,-0.4926723204065619
632,633,0.2563338301043219,0.5663189269746647,0.7921013412816691,0.5242547879913202,0.28721183413183715,-0.17003138737310586
633,634,0.2593144560357675,0.555886736214605,0.789865871833085,0.5217094844760917,0.28534771525839964,-0.14314310312892747
634,635,0.2690014903129657,0.5618479880774963,0.8017883755588674,0.5239816009648166,0.2874989290225133,-0.15450401082897688
635,636,0.2906110283159464,0.6050670640834576,0.853204172876304,0.5597513331748997,0.29984278277357906,-0.2969997722450689
636,637,0.29582712369597614,0.6199701937406855,0.8450074515648286,0.5645154483931938,0.2966465203458506,-0.3521909952436616
637,638,0.2675111773472429,0.5588673621460507,0.7965722801788375,0.526404747679576,0.28635652367310327,-0.14342875678139255
638,639,0.31669150521609535,0.6646795827123696,0.8286140089418778,0.5744834433114709,0.29205033251598284,-0.4736388375604425
639,640,0.3435171385991058,0.6751117734724292,0.8114754098360656,0.5751075535102311,0.28081795113743824,-0.5577651275558783
640,641,0.371833084947839,0.4232488822652757,0.563338301043219,0.45521398539893076,0.19093018090284486,0.05835646793085858
641,642,0.34053651266766016,0.6825633383010432,0.8077496274217586,0.5705122367798579,0.28050938245451573,-0.5280334838968672
642,643,0.2637853949329359,0.563338301043219,0.8159463487332339,0.5318373937513464,0.29229771800521614,-0.16918663900392314
643,644,0.3293591654247392,0.6810730253353204,0.8189269746646797,0.5736527770682812,0.2867121643612235,-0.5074393155896889
644,645,0.3040238450074516,0.6259314456035767,0.8509687034277198,0.5712096410588996,0.29962913158355764,-0.37198281206453543
645,646,0.217585692995529,0.2339791356184798,0.3450074515648286,0.3038639306504738,0.16954175791619364,1.7365929590276956
646,647,0.2220566318926974,0.2399403874813711,0.353204172876304,0.30924105090384923,0.1688508830167456,1.6844619814099577
647,648,0.1713859910581222,0.195230998509687,0.2503725782414307,0.250514724336522,0.15781119548762393,2.3144336223173356
648,649,0.3964232488822652,0.61698956780924,0.7190760059612519,0.5530504774109866,0.24525334254421094,-0.729589917616632
649,650,0.2876304023845007,0.5976154992548435,0.8539493293591655,0.5580500220992757,0.2994126185971976,-0.2590874176798326
650,651,0.2622950819672131,0.5782414307004471,0.834575260804769,0.539853100894854,0.2962644500331979,-0.20272987640277199
651,652,0.1356184798807749,0.1520119225037257,0.1982116244411326,0.20483696509202842,0.14413076151395762,2.7153340185870602
652,653,0.360655737704918,0.6125186289120715,0.7533532041728763,0.5503163861132149,0.25977789406672575,-0.5843180149727722
653,654,0.0432190760059612,0.044709388971684,0.0506706408345752,0.060927370008506496,0.06899647931834747,8.132858909140129
654,655,0.3442622950819672,0.3949329359165425,0.511177347242921,0.42910130352411263,0.20495853554520538,0.4394731106417759
655,656,0.2354694485842026,0.2712369597615499,0.3994038748137108,0.3330038801441894,0.16681138686021404,1.3426601081049405
656,657,0.2503725782414307,0.5439642324888226,0.7533532041728763,0.5035236684353491,0.2757177015979196,-0.12356313822550027
657,658,0.4113263785394933,0.5409836065573771,0.6624441132637854,0.5175739215220293,0.23251829872506313,-0.4534511463461288
658,659,0.4143070044709389,0.4798807749627422,0.6296572280178838,0.48979102302988836,0.2139470314440025,-0.18912440013637552
659,660,0.3874813710879284,0.4545454545454545,0.6117734724292101,0.4718117630335753,0.21225323877391988,-0.01632828388025643
660,661,0.3114754098360656,0.6527570789865872,0.8390461997019374,0.5741480673683649,0.2948384744121689,-0.4405884698856898
661,662,0.3241430700447093,0.6885245901639344,0.812220566318927,0.5655948703027933,0.28283556315077485,-0.5392063092333714
662,663,0.2816691505216095,0.5886736214605067,0.8435171385991058,0.5511559364873478,0.2979839331617311,-0.25693470613225833
663,664,0.0551415797317436,0.0611028315946348,0.0834575260804769,0.08745538500491952,0.07890897778250018,5.635930612456851
664,665,0.1132637853949329,0.1281669150521609,0.1669150521609538,0.17762931407846014,0.14229306208699857,3.1702997999746154
665,666,0.2704918032786885,0.5797317436661699,0.8308494783904621,0.5389269302440249,0.29413165207623726,-0.2059401704333695
666,667,0.36736214605067063,0.639344262295082,0.7682563338301043,0.5641223255989569,0.2598954547939645,-0.6512535565745358
667,668,0.2704918032786885,0.5752608047690015,0.8293591654247392,0.5393400423328839,0.29456689520199414,-0.19063177085953328
668,669,0.2921013412816691,0.6199701937406855,0.8502235469448585,0.5682778778476416,0.2989312511182019,-0.3676625044969943
669,670,0.2816691505216095,0.6125186289120715,0.8360655737704918,0.5565752563627036,0.295993019575353,-0.3418530592753464
670,671,0.338301043219076,0.3845007451564828,0.507451564828614,0.422451531513123,0.20557657400685977,0.4711348347393534
