,User ID,q1,q2,q3,Mean,STD,Skewness
0,1,0.991499057,0.995834317,0.9976551,0.992474048,0.009948466,-4.411410015
1,2,0.98977879,0.99364047,0.995426707,0.99054481,0.009571335,-4.543480269
2,3,0.990879972,0.994588984,0.996221608,0.991407137,0.009597688,-4.662051803
3,4,0.980948133,0.983803152,0.985022867,0.98133092,0.007971018,-5.32131615
4,5,0.98851832,0.991662373,0.993253774,0.988746854,0.009061435,-4.930432984
5,6,0.990714073,0.99475369,0.996400281,0.991464586,0.009689123,-4.577527226
6,7,0.989777906,0.993447605,0.994907445,0.990301033,0.009264482,-4.815980909
7,8,0.988500383,0.991397488,0.992779073,0.988679884,0.008732759,-5.25025351
8,9,0.990622355,0.994411296,0.996146124,0.991273768,0.009586813,-4.599658679
9,10,0.990374119,0.994412378,0.996109646,0.991175712,0.009630767,-4.581043624
10,11,0.990186546,0.994196878,0.996028257,0.990907069,0.00985686,-4.470686853
11,12,0.990304146,0.99455449,0.996276299,0.991190528,0.009835733,-4.473235724
12,13,0.990681217,0.994195839,0.995900918,0.991133846,0.00956445,-4.711874178
13,14,0.991544302,0.995761413,0.997528973,0.992406057,0.009927883,-4.474641921
14,15,0.948470072,0.949334999,0.949932082,0.948420776,0.005222016,-5.086244928
15,16,0.990930183,0.994874651,0.99660029,0.991615143,0.009749886,-4.569684008
16,17,0.975841941,0.978574137,0.979633103,0.976218142,0.007787651,-5.376653137
17,18,0.990527332,0.99466985,0.996412679,0.991331084,0.009864892,-4.438212979
18,19,0.976116549,0.978912897,0.980139418,0.976753526,0.007429221,-5.167219148
19,20,0.989468212,0.992980248,0.994500771,0.989822939,0.009403673,-4.745441593
20,21,0.987201618,0.990411009,0.991808873,0.987619838,0.00860704,-5.034846902
21,22,0.986175242,0.988945972,0.990134986,0.986284671,0.00849166,-5.531475585
22,23,0.962379753,0.963919783,0.964628586,0.962429376,0.006060261,-6.141009886
23,24,0.991563447,0.995654999,0.997457417,0.992337117,0.009883491,-4.472243532
24,25,0.991159749,0.99557919,0.997329233,0.992217349,0.009896328,-4.469101351
25,26,0.986823515,0.989853976,0.991201112,0.987003181,0.008946057,-5.116239346
26,27,0.991378002,0.995344792,0.997166137,0.992121048,0.009753514,-4.53143862
27,28,0.989307124,0.993356565,0.99503161,0.990136752,0.00947589,-4.57487492
28,29,0.991467568,0.995650953,0.997389814,0.992249253,0.009962247,-4.450858832
29,30,0.944318758,0.945852303,0.946574879,0.944619078,0.005621445,-3.433092019
30,31,0.989336623,0.992923343,0.994435253,0.989875758,0.009290901,-4.836121381
31,32,0.990589414,0.994508228,0.996278775,0.99134583,0.009745613,-4.528215897
32,33,0.987263596,0.991032919,0.992673325,0.987882395,0.009407639,-4.632160863
33,34,0.984007604,0.987266906,0.98850346,0.984580006,0.008221701,-5.120727258
34,35,0.9915091,0.995848683,0.997661724,0.992456898,0.0099779,-4.403335278
35,36,0.988164499,0.992395631,0.993966913,0.989094274,0.009484017,-4.569516029
36,37,0.990659883,0.9947057,0.996443604,0.991441264,0.009706088,-4.574504526
37,38,0.98659342,0.990186723,0.991572096,0.987013074,0.009344563,-4.794983704
38,39,0.989554642,0.993672544,0.995405612,0.990427581,0.009712098,-4.527712308
39,40,0.989990824,0.993691848,0.995381378,0.990506855,0.00966132,-4.628494986
40,41,0.9833167,0.986808011,0.988245612,0.983885141,0.008986561,-4.97379853
41,42,0.990062438,0.993392842,0.994890837,0.990345824,0.009307203,-4.913269752
42,43,0.98936465,0.993045038,0.994686793,0.989986492,0.009358122,-4.698750085
43,44,0.991503659,0.995511834,0.997301247,0.992184903,0.009914359,-4.462734276
44,45,0.991218069,0.995318415,0.997101593,0.991969983,0.009906024,-4.435366876
45,46,0.989254196,0.993296655,0.994983849,0.989951044,0.009820818,-4.515215603
46,47,0.990731934,0.994832028,0.996640101,0.99162477,0.009766407,-4.5147956
47,48,0.97239147,0.975328115,0.976272621,0.972523171,0.008774473,-5.342919388
48,49,0.988311345,0.99226346,0.993893093,0.989095174,0.009478786,-4.676371281
49,50,0.991143606,0.995091318,0.996878091,0.99190456,0.00973463,-4.543627659
50,51,0.990277793,0.99463411,0.996388183,0.99123647,0.009888325,-4.436166287
51,52,0.988973953,0.992909696,0.994676114,0.989621869,0.009797451,-4.525321632
52,53,0.9907913,0.994881835,0.996662748,0.991619329,0.009798896,-4.484667752
53,54,0.990112705,0.994075968,0.995836282,0.990812964,0.009835297,-4.495213048
54,55,0.990866125,0.994803444,0.996526709,0.991483557,0.009870878,-4.490939837
55,56,0.969996048,0.972375298,0.973247604,0.970175253,0.007375788,-5.617530304
56,57,0.982297988,0.985454039,0.986682197,0.982837042,0.008111998,-5.174621904
57,58,0.988882533,0.993104302,0.994848852,0.989831346,0.009712317,-4.482051233
58,59,0.990584235,0.994027339,0.995576754,0.990983143,0.009282054,-4.819406095
59,60,0.989167305,0.993230461,0.99491163,0.990068723,0.009508492,-4.631809895
60,61,0.986960153,0.990329584,0.99178249,0.98738666,0.009095662,-4.992429921
61,62,0.989813139,0.993618766,0.995345823,0.990390479,0.009706427,-4.537936335
62,63,0.988731352,0.991944229,0.993453964,0.989100014,0.008997588,-5.003364976
63,64,0.991427346,0.995571455,0.997383702,0.992290663,0.009844159,-4.490103044
64,65,0.990605143,0.994842071,0.996571571,0.991531117,0.009706845,-4.459895092
65,66,0.990397754,0.994200327,0.99580075,0.991059075,0.009427976,-4.725600184
66,67,0.987892437,0.991962649,0.993533903,0.988759103,0.009467478,-4.653079877
67,68,0.988506612,0.991555838,0.99307928,0.988806314,0.008911228,-5.0796637
68,69,0.989161966,0.992266738,0.993834267,0.989344215,0.00915686,-4.968036057
69,70,0.987486752,0.99144423,0.993135178,0.988239662,0.009777468,-4.44855217
70,71,0.990760682,0.995034452,0.99671907,0.991612322,0.009869294,-4.41900658
71,72,0.987701732,0.990619477,0.991788235,0.987777642,0.008787426,-5.204947681
72,73,0.9287273,0.929736688,0.930733462,0.92911942,0.006385373,-3.497009646
73,74,0.989954117,0.99399893,0.995540187,0.990796332,0.009477527,-4.737178974
74,75,0.988051383,0.991322127,0.992723917,0.98844293,0.008894336,-5.073476357
75,76,0.990971162,0.995321972,0.997124966,0.991953813,0.009939602,-4.410286075
76,77,0.983192744,0.985492137,0.986433943,0.98311931,0.007953052,-5.991229594
77,78,0.978634516,0.981022148,0.982034531,0.978700908,0.007900308,-5.779589353
78,79,0.991862911,0.995499546,0.997152198,0.992292297,0.009672659,-4.675230552
79,80,0.990521767,0.994790727,0.996548805,0.991442578,0.009822822,-4.444636289
80,81,0.983790942,0.987750823,0.989426467,0.984513698,0.009619136,-4.55758089
81,82,0.991164829,0.995060568,0.99677891,0.991916839,0.009711933,-4.55355362
82,83,0.984336091,0.987923949,0.989287667,0.985084206,0.008562806,-4.96475874
83,84,0.988576214,0.991596623,0.993071397,0.988587347,0.009295795,-4.987253017
84,85,0.98892029,0.99288922,0.994532964,0.989840384,0.009566664,-4.592060904
85,86,0.984339332,0.98841103,0.989965182,0.98525858,0.009253697,-4.548798462
86,87,0.991125278,0.995392101,0.997097516,0.992047315,0.009847087,-4.498887362
87,88,0.985284318,0.987502,0.988454361,0.985075567,0.007904062,-5.777220918
88,89,0.989281539,0.992514947,0.99399043,0.989513796,0.009259551,-4.972584914
89,90,0.990198306,0.994152626,0.995861732,0.990906202,0.009717018,-4.539267265
90,91,0.985064054,0.988148587,0.98952846,0.985203264,0.009175094,-5.055966093
91,92,0.988787619,0.9926633,0.994311976,0.98969885,0.009365761,-4.644940542
92,93,0.986851855,0.989551585,0.990802503,0.986954715,0.008312894,-5.370257243
93,94,0.986707601,0.989422348,0.990608104,0.986724529,0.008582162,-5.315622748
94,95,0.977540241,0.980890049,0.98239782,0.978196633,0.008570534,-4.977984746
95,96,0.98801109,0.992045511,0.993710755,0.988799548,0.009484606,-4.481080239
96,97,0.989278636,0.992685188,0.994110946,0.989798349,0.008941482,-5.004904639
97,98,0.988361319,0.991961178,0.993580624,0.988801841,0.009549974,-4.661077838
98,99,0.985957574,0.989094115,0.990475719,0.986309953,0.008556632,-5.010278525
99,100,0.991383387,0.995548564,0.997288968,0.99219573,0.009892136,-4.463097599
100,101,0.990466811,0.993976324,0.99561163,0.990908806,0.009446566,-4.789500156
101,102,0.956850465,0.959187411,0.960178855,0.957486683,0.006252996,-3.940755815
102,103,0.988998787,0.992802441,0.994294009,0.989653801,0.009393065,-4.805400335
103,104,0.989102194,0.992677674,0.994226789,0.989417986,0.009619714,-4.71366234
104,105,0.975403921,0.97746158,0.978242183,0.975503427,0.00681006,-6.172280981
105,106,0.99015281,0.994097796,0.995763863,0.990751494,0.009796471,-4.545580631
106,107,0.991407837,0.995420189,0.997164519,0.992092114,0.009843916,-4.496066126
107,108,0.991609539,0.995483456,0.997199322,0.992216367,0.009790605,-4.531551854
108,109,0.991206985,0.995295958,0.997067295,0.992027368,0.009778174,-4.556484692
109,110,0.986087035,0.990026088,0.991698397,0.987084353,0.009432396,-4.579704153
110,111,0.980631955,0.982814408,0.983853186,0.980444553,0.007829283,-5.724534253
111,112,0.991129564,0.995278975,0.997116137,0.991965097,0.009893115,-4.46167751
112,113,0.990053284,0.9944062,0.99622945,0.991051291,0.009968439,-4.428333169
113,114,0.991362818,0.995225558,0.997002003,0.991934331,0.009831576,-4.494621616
114,115,0.990695113,0.994343313,0.995977515,0.991218563,0.009508925,-4.694744972
115,116,0.991757184,0.995392423,0.997153328,0.992210991,0.009729712,-4.640689318
116,117,0.989482708,0.993441987,0.995213686,0.990197591,0.009771856,-4.446345063
117,118,0.983428016,0.986648181,0.987990683,0.983944895,0.00833536,-4.970644686
118,119,0.967258204,0.969348917,0.970127218,0.96757734,0.006255929,-5.766234248
119,120,0.988120974,0.991284594,0.992749303,0.988538633,0.008681851,-5.101409518
120,121,0.988919685,0.992793238,0.994281865,0.989621962,0.009452217,-4.61959418
121,122,0.991436693,0.995480436,0.997313873,0.992155107,0.009858476,-4.478092522
122,123,0.990429803,0.994652954,0.99639072,0.991286527,0.009880689,-4.425186105
123,124,0.989995038,0.993004224,0.994502143,0.990104044,0.009142828,-5.077127304
124,125,0.983491274,0.985877983,0.986825296,0.983545057,0.0077601,-5.900515003
125,126,0.990292007,0.994027192,0.995785498,0.990942735,0.009617483,-4.575047988
126,127,0.991257354,0.995396087,0.997135167,0.992017449,0.009896224,-4.455783851
127,128,0.976625673,0.979498462,0.980897388,0.976879802,0.008528623,-5.162101797
128,129,0.991252671,0.995531195,0.997237985,0.992098567,0.009942437,-4.463336315
129,130,0.981441646,0.983548963,0.984329891,0.981430045,0.00715208,-6.288228663
130,131,0.990364447,0.994397706,0.996073548,0.991132969,0.009682551,-4.594776356
131,132,0.986864231,0.990624433,0.992262688,0.987389982,0.009687835,-4.581029419
132,133,0.988538287,0.992206134,0.993834115,0.989033695,0.009508687,-4.607685508
133,134,0.97878111,0.980791059,0.981631126,0.978777656,0.007286508,-6.256423123
134,135,0.991431861,0.9957627,0.99760332,0.992357215,0.010017934,-4.408702424
135,136,0.990788344,0.994316918,0.995965658,0.991167061,0.009563627,-4.758219116
136,137,0.98949337,0.992961114,0.994502367,0.989989201,0.009175331,-4.879387853
137,138,0.990231945,0.993784454,0.995314997,0.990665825,0.009450145,-4.750133916
138,139,0.989928634,0.993615691,0.995124995,0.990501302,0.009342867,-4.785784184
139,140,0.990764682,0.994540365,0.996333396,0.991371722,0.009783537,-4.574070073
140,141,0.991337428,0.995342592,0.997107369,0.992089637,0.009821725,-4.540879307
141,142,0.990801935,0.994869425,0.996587915,0.991622473,0.009700055,-4.542423485
142,143,0.989216933,0.992855618,0.994475612,0.989811141,0.009331742,-4.742728408
143,144,0.991123922,0.994989406,0.99678802,0.991866208,0.009712029,-4.535711875
144,145,0.990378922,0.994235147,0.995985094,0.991147756,0.009676408,-4.576107052
145,146,0.990615286,0.993885033,0.995467534,0.990885539,0.009329197,-4.88955297
146,147,0.990325359,0.994318488,0.996038315,0.991077828,0.009709737,-4.558165871
147,148,0.986308075,0.989546666,0.99101869,0.986746224,0.008772037,-4.999542948
148,149,0.984266626,0.987447898,0.988556991,0.984397078,0.008901538,-5.018707575
149,150,0.980692172,0.98330518,0.984367132,0.980926528,0.007981796,-5.861405827
150,151,0.989955088,0.99387354,0.995534837,0.990824831,0.009564749,-4.577847151
151,152,0.986248324,0.98876135,0.98980908,0.98617217,0.008355872,-5.569464628
152,153,0.989722125,0.993529253,0.995088615,0.990322733,0.009527953,-4.676974231
153,154,0.990882543,0.995058743,0.996827023,0.991706083,0.009900118,-4.44709899
154,155,0.990718421,0.994510117,0.996008399,0.991335756,0.009389148,-4.776871343
155,156,0.989383869,0.993449255,0.995290558,0.990223897,0.009713137,-4.459940646
156,157,0.981411644,0.984168453,0.985244849,0.981506969,0.00852868,-5.499878549
157,158,0.99125496,0.995556913,0.997375903,0.992177115,0.009992014,-4.413998675
158,159,0.987853255,0.990951475,0.992158647,0.988108913,0.008671546,-5.192065417
159,160,0.987746233,0.991300175,0.993035421,0.988367694,0.009076424,-4.684156951
160,161,0.989130381,0.993090229,0.994784958,0.990082733,0.009499896,-4.581218321
161,162,0.991007755,0.995235106,0.99703195,0.9918802,0.009924899,-4.445212568
162,163,0.990288897,0.993863857,0.995543747,0.990808116,0.009473274,-4.781509898
163,164,0.989689703,0.993074628,0.99461478,0.990100711,0.009154636,-4.926059097
164,165,0.980051939,0.982428662,0.983513791,0.980092498,0.007931622,-5.726837466
165,166,0.990270865,0.993937032,0.995715152,0.990836071,0.009560492,-4.707981453
166,167,0.991055501,0.995244587,0.996875019,0.991865826,0.009795466,-4.511305993
167,168,0.989126497,0.992878587,0.994332231,0.989783016,0.009236585,-4.774150999
168,169,0.986753814,0.990040655,0.991573065,0.986953264,0.009458249,-4.858933754
169,170,0.991546102,0.995815356,0.997546496,0.992394865,0.009914092,-4.453413458
170,171,0.989777126,0.993909159,0.995520686,0.990688139,0.009492931,-4.60043316
171,172,0.991509955,0.995577459,0.997302292,0.992266007,0.009811395,-4.509166266
172,173,0.99026082,0.994365697,0.996128486,0.991101319,0.009790092,-4.531704801
173,174,0.991393883,0.995650172,0.997434668,0.99224999,0.009936571,-4.435820958
174,175,0.987703572,0.990880999,0.992352513,0.987978976,0.009055746,-5.025971034
175,176,0.985629636,0.988806308,0.990138265,0.985847248,0.009108461,-5.085253381
176,177,0.981653282,0.98480767,0.986158777,0.982107387,0.008576245,-5.125697208
177,178,0.988127596,0.991599913,0.992950192,0.988722583,0.008793706,-5.057370679
178,179,0.990731064,0.994304226,0.996105014,0.991137639,0.009778817,-4.570140227
179,180,0.991252335,0.995461598,0.997187395,0.99216724,0.009801465,-4.536072289
180,181,0.990816774,0.994779431,0.996532193,0.991550908,0.00970616,-4.566505904
181,182,0.986264523,0.990243747,0.991962971,0.987100781,0.009527522,-4.551908542
182,183,0.990790586,0.994535328,0.996207169,0.991393049,0.009498249,-4.668079782
183,184,0.990783853,0.99473174,0.996360998,0.991492114,0.009638957,-4.574842606
184,185,0.985251555,0.988137157,0.989346526,0.985454651,0.00844035,-5.295374344
185,186,0.990592496,0.994370948,0.996056226,0.991095795,0.009735091,-4.598756677
186,187,0.978673052,0.9816016,0.982821774,0.978980146,0.008227903,-5.279828767
187,188,0.988905254,0.992802646,0.99432465,0.989685115,0.009432665,-4.60504572
188,189,0.987416563,0.991306034,0.992929936,0.988258937,0.009235,-4.659597889
189,190,0.98901251,0.993128097,0.994844243,0.989895168,0.009631373,-4.510481222
190,191,0.991737613,0.995763455,0.997566101,0.992516592,0.009823151,-4.502724596
191,192,0.99051468,0.994432318,0.996188551,0.991289403,0.009673866,-4.547411726
192,193,0.989051745,0.992832734,0.994391321,0.989718604,0.009249396,-4.708628606
193,194,0.990946814,0.994771449,0.996588809,0.991620339,0.009730661,-4.553712023
194,195,0.978706449,0.98145703,0.982618697,0.979185836,0.007365584,-5.326967961
195,196,0.987358318,0.991609624,0.993335465,0.988327527,0.009653073,-4.482968739
196,197,0.989261427,0.993066853,0.994648165,0.989895048,0.009502358,-4.702897295
197,198,0.988875796,0.992676899,0.994313975,0.989589133,0.009283958,-4.63836656
198,199,0.975372139,0.977997651,0.979079364,0.975454048,0.00841377,-5.485864264
199,200,0.984283813,0.987158465,0.988511098,0.984347159,0.008886326,-5.192802773
200,201,0.987274085,0.99028819,0.991616056,0.987501644,0.008856015,-5.241621454
201,202,0.988668521,0.992874222,0.994484545,0.989583284,0.009631554,-4.561507639
202,203,0.99044387,0.994468582,0.996240531,0.991220025,0.009713776,-4.527423096
203,204,0.990919343,0.995179159,0.996854342,0.991786844,0.009809663,-4.487252571
204,205,0.985050271,0.988200333,0.989552628,0.985096171,0.009335345,-4.965217216
205,206,0.990853066,0.99503533,0.996637422,0.991710798,0.009653092,-4.591176703
206,207,0.991174622,0.995463261,0.997287279,0.992125595,0.009914513,-4.43839055
207,208,0.989969166,0.993908137,0.995622334,0.9906395,0.009677743,-4.512086613
208,209,0.991453896,0.99582086,0.99762972,0.992407752,0.009952067,-4.428497003
209,210,0.991379059,0.995511522,0.99726317,0.992194023,0.009814673,-4.516464124
210,211,0.989393061,0.993153691,0.994847417,0.989981496,0.009594147,-4.586995078
211,212,0.966305323,0.967595905,0.968265415,0.966186028,0.006266562,-6.938289789
212,213,0.970585676,0.97318879,0.974165031,0.970640327,0.008400788,-5.837896651
213,214,0.982772042,0.985606262,0.986698489,0.983177285,0.007744541,-5.49433051
214,215,0.990162374,0.994053086,0.995644834,0.990855285,0.009396026,-4.659558138
215,216,0.988565133,0.991717727,0.993187794,0.988874648,0.008933855,-5.058010912
216,217,0.986891271,0.990402538,0.991914133,0.987447188,0.009066196,-4.931049084
217,218,0.990705695,0.994590555,0.996167343,0.991402502,0.009519939,-4.702716736
218,219,0.98738607,0.990401437,0.991754726,0.987600878,0.008698023,-5.167702841
219,220,0.981436829,0.984110017,0.985303646,0.981620076,0.008000335,-5.334114707
220,221,0.99155366,0.995862681,0.997626287,0.99248679,0.009924018,-4.470442912
221,222,0.986737788,0.99095094,0.992724366,0.987658479,0.009751819,-4.419389896
222,223,0.990571319,0.994691901,0.99645614,0.991414305,0.009841173,-4.486362143
223,224,0.987649734,0.991715974,0.993432878,0.988458073,0.009540821,-4.497797145
224,225,0.991324076,0.995198549,0.996934014,0.991989995,0.009774595,-4.547866334
225,226,0.990940738,0.995011037,0.996830304,0.991669503,0.009993058,-4.441248012
226,227,0.990628223,0.994894559,0.996733566,0.991533757,0.009983952,-4.40928388
227,228,0.989417963,0.99295577,0.994606182,0.989992896,0.009342578,-4.844455929
228,229,0.99040707,0.994518348,0.99631811,0.991254595,0.009750699,-4.48332391
229,230,0.986943808,0.990505142,0.991990692,0.987491318,0.009096791,-4.772627416
230,231,0.991029269,0.994871797,0.996534104,0.991648614,0.009564048,-4.593444225
231,232,0.956560529,0.958691803,0.959440289,0.956891242,0.006253787,-4.606950773
232,233,0.991120725,0.995201671,0.997008218,0.991856353,0.009935786,-4.445785338
233,234,0.988169277,0.991215984,0.992616145,0.988300871,0.009005313,-5.021523078
234,235,0.984827672,0.987927317,0.989257218,0.985127713,0.008599581,-5.082516191
235,236,0.980725561,0.984220937,0.985665729,0.981312602,0.008764067,-4.799061345
236,237,0.991321484,0.995206878,0.996879565,0.99200959,0.009600918,-4.658379159
237,238,0.988894466,0.992445048,0.994230135,0.989332672,0.009657238,-4.575853052
238,239,0.979381138,0.9827102,0.984147408,0.979915891,0.008574215,-4.939733915
239,240,0.982978151,0.985474356,0.986594259,0.982921696,0.008019812,-5.457733577
240,241,0.990907485,0.994891047,0.996641515,0.991667649,0.009665056,-4.549187994
241,242,0.968349,0.970636559,0.971481612,0.968648414,0.006612911,-5.348509427
242,243,0.983005705,0.985403929,0.986363537,0.982985803,0.007958027,-5.87109533
243,244,0.98952878,0.993141392,0.994749722,0.990136629,0.009387354,-4.878733506
244,245,0.986928484,0.990098506,0.991521478,0.987316556,0.008746209,-5.064574934
245,246,0.991363135,0.995375118,0.997107668,0.992038396,0.00984174,-4.515613489
246,247,0.981719507,0.985044577,0.986367547,0.982445779,0.008380751,-5.396068344
247,248,0.986992182,0.990682073,0.992108307,0.987538204,0.009167963,-4.81987079
248,249,0.991731527,0.995732146,0.997521931,0.992381953,0.009870767,-4.477988171
249,250,0.984301155,0.98751326,0.988875281,0.984550421,0.009100239,-4.926469772
250,251,0.986309079,0.989304211,0.990789962,0.986362489,0.009257052,-5.012152968
251,252,0.990886422,0.994850411,0.996586584,0.991565533,0.009843115,-4.510324377
252,253,0.985415272,0.987943296,0.989041573,0.985450992,0.008103823,-5.706690167
253,254,0.987105177,0.99098986,0.992657214,0.987906016,0.009346332,-4.585379705
254,255,0.986203222,0.989590181,0.991220704,0.986567773,0.00930449,-4.754883566
255,256,0.991140468,0.995491938,0.997300134,0.992121127,0.009945295,-4.426599731
256,257,0.987928445,0.991740437,0.993272574,0.988538058,0.009434461,-4.712369409
257,258,0.990143267,0.994387332,0.996237731,0.991083572,0.009829606,-4.414129396
258,259,0.9911433,0.995253705,0.997001185,0.991974446,0.009765387,-4.516118285
259,260,0.990762241,0.994658508,0.996323326,0.991441448,0.009658898,-4.682261234
260,261,0.991029119,0.994558824,0.996137164,0.991364182,0.009560423,-4.74789435
261,262,0.976608859,0.979555633,0.98078635,0.976882735,0.00841036,-5.167205994
262,263,0.988959731,0.992545111,0.994209754,0.989535461,0.009278976,-4.761854848
263,264,0.990590171,0.99449938,0.996193937,0.991248378,0.009687447,-4.521600975
264,265,0.983152265,0.986688596,0.988160293,0.983822405,0.008548791,-4.670539853
265,266,0.991151116,0.994958655,0.996704975,0.991786181,0.009708591,-4.541533678
266,267,0.990379521,0.994341088,0.996058235,0.99116096,0.009595666,-4.585909192
267,268,0.978259001,0.979731247,0.980603024,0.978103711,0.006750893,-6.641508469
268,269,0.991072297,0.995373618,0.997092894,0.991955972,0.009887882,-4.438813629
269,270,0.982515146,0.985821734,0.987246036,0.982829582,0.009209537,-4.885532634
270,271,0.990311923,0.993525442,0.995085006,0.990631258,0.009133199,-5.019511431
271,272,0.990684953,0.994569254,0.996340247,0.991326065,0.009831288,-4.566065216
272,273,0.988025323,0.991193306,0.992697066,0.988245376,0.009284395,-4.975947983
273,274,0.990976354,0.994906598,0.996618336,0.99164298,0.009669335,-4.564275712
274,275,0.980696566,0.983630553,0.984822129,0.98088613,0.008533857,-5.174913897
275,276,0.991516525,0.995693775,0.997505653,0.992332738,0.009946237,-4.431794494
276,277,0.989544928,0.993497611,0.995159062,0.990274961,0.009697664,-4.641654371
277,278,0.989874735,0.994031618,0.995735956,0.990752224,0.009595012,-4.514501758
278,279,0.990957621,0.99485608,0.996567511,0.991739874,0.009655418,-4.575857255
279,280,0.990993629,0.995054659,0.996819644,0.991752624,0.009838408,-4.499160745
280,281,0.989190162,0.992609292,0.99418091,0.989544627,0.009225002,-4.746469152
281,282,0.988524705,0.991540382,0.992868264,0.98875079,0.008730155,-5.264575571
282,283,0.984699705,0.987977382,0.989346615,0.985107771,0.00880288,-5.061136117
283,284,0.99039543,0.994391739,0.996182973,0.991097001,0.009861299,-4.456341414
284,285,0.979197679,0.981780514,0.982836743,0.979407922,0.007695867,-5.697789526
285,286,0.990745225,0.994998913,0.996795311,0.99169039,0.009869083,-4.477838869
286,287,0.975979697,0.97906436,0.980424893,0.976298811,0.008903874,-5.198525122
287,288,0.989169371,0.993119969,0.994804799,0.990028463,0.009553188,-4.594059414
288,289,0.991049852,0.995311331,0.997114041,0.991914412,0.009991499,-4.406848565
289,290,0.988493629,0.992223916,0.993921378,0.989065835,0.009559889,-4.67630638
290,291,0.987891639,0.991512062,0.99305794,0.988534521,0.00910977,-4.892534295
291,292,0.980949525,0.983272884,0.984194752,0.980948033,0.007734369,-5.867896721
292,293,0.989581673,0.993302031,0.994839302,0.990126948,0.009429162,-4.746736287
293,294,0.95268305,0.954611799,0.955413504,0.952681919,0.007125167,-5.404397571
294,295,0.983199673,0.985492729,0.986455679,0.983204932,0.007916099,-5.898360763
295,296,0.991127905,0.995272983,0.997005315,0.991870516,0.009937249,-4.45321447
296,297,0.986784417,0.990314468,0.991826733,0.987352148,0.009100515,-4.861057255
297,298,0.987240745,0.990877446,0.992440878,0.987663372,0.009625645,-4.679879016
298,299,0.970247967,0.974098746,0.975666694,0.97121612,0.008961086,-4.607908019
299,300,0.99055236,0.994330407,0.995994099,0.991214862,0.009517424,-4.738039836
300,301,0.990973411,0.99522776,0.997056673,0.991837759,0.01000209,-4.3868131
301,302,0.991398289,0.99528884,0.997093395,0.992005367,0.009824555,-4.488276037
302,303,0.985172332,0.987636194,0.988589626,0.985213998,0.007791615,-5.718887102
303,304,0.987081837,0.990830738,0.992288966,0.987787753,0.009123525,-4.806223983
304,305,0.99143104,0.995634484,0.997433346,0.992316218,0.00988347,-4.467321777
305,306,0.96903745,0.971345173,0.97224235,0.969446958,0.006488178,-5.285535153
306,307,0.988553059,0.992268336,0.99394876,0.989219586,0.009433159,-4.686824273
307,308,0.989856544,0.993797414,0.995600115,0.990548406,0.009750027,-4.478920767
308,309,0.986218014,0.989118047,0.990447372,0.986447679,0.008541516,-5.234405673
309,310,0.991449842,0.995790253,0.997594368,0.992395571,0.009966284,-4.417125481
310,311,0.961408657,0.963793665,0.964675426,0.961861215,0.006730004,-5.356416566
311,312,0.982620853,0.985766535,0.987119005,0.983197945,0.008055538,-5.050966894
312,313,0.981990739,0.984515806,0.985541587,0.982002548,0.008147983,-5.656267515
313,314,0.990733015,0.994542814,0.996252857,0.991332082,0.009745471,-4.577623864
314,315,0.990785009,0.994838397,0.996626699,0.991578594,0.00980002,-4.501574331
315,316,0.987576228,0.99060572,0.992144459,0.987681739,0.009241761,-5.037499763
316,317,0.99174183,0.995697103,0.997553617,0.992407902,0.009882709,-4.47901978
317,318,0.990275479,0.99419779,0.996016886,0.99090649,0.009873956,-4.476597667
318,319,0.991607821,0.995870527,0.997606072,0.992457095,0.009908584,-4.474201654
319,320,0.990218427,0.993919701,0.995563435,0.990745523,0.009545,-4.660737653
320,321,0.988853097,0.992843603,0.994610488,0.989670607,0.009481475,-4.540965001
321,322,0.989966207,0.994164051,0.995957893,0.990857685,0.009771714,-4.41967578
322,323,0.991307116,0.995372306,0.997117763,0.99205094,0.00982783,-4.512719123
323,324,0.987823421,0.990861884,0.992286815,0.98795706,0.009072148,-5.084529352
324,325,0.991543634,0.995812339,0.997625967,0.992441938,0.009980476,-4.411771245
325,326,0.991068006,0.995354413,0.99698292,0.991960444,0.009810931,-4.527870122
326,327,0.989316516,0.99311971,0.994806376,0.990046765,0.009459131,-4.740182312
327,328,0.987253699,0.990365916,0.991818724,0.987590204,0.008796487,-5.079723356
328,329,0.991364834,0.995460325,0.997179331,0.992118772,0.009863753,-4.494362876
329,330,0.988625362,0.992648074,0.994268955,0.989391637,0.009465491,-4.577068028
330,331,0.99095293,0.995162118,0.99696158,0.991823392,0.009922027,-4.439191687
331,332,0.990927002,0.995099757,0.996774672,0.991653538,0.009933338,-4.49361821
332,333,0.988377195,0.991698197,0.993361894,0.988683898,0.009468388,-4.731017357
333,334,0.991030665,0.994853122,0.9965644,0.991599904,0.009749394,-4.583221997
334,335,0.99108062,0.995436907,0.997228262,0.992039322,0.009937107,-4.426684935
335,336,0.990983237,0.995054243,0.996774771,0.991738212,0.009795251,-4.50104836
336,337,0.991518922,0.99584474,0.997484312,0.992390422,0.009894879,-4.485549297
337,338,0.990722004,0.994628261,0.996342717,0.991460329,0.009618887,-4.57271227
338,339,0.988042009,0.991516342,0.99311989,0.988463107,0.009414797,-4.81822728
339,340,0.990843409,0.994685993,0.996321309,0.99144559,0.009669702,-4.658990573
340,341,0.990946189,0.995302595,0.997087435,0.991870596,0.009951078,-4.415227748
341,342,0.982816058,0.985835623,0.987217924,0.983271654,0.00808151,-4.99238005
342,343,0.990412121,0.994368479,0.996109934,0.991168059,0.009709581,-4.561857383
343,344,0.985767451,0.989165552,0.990436628,0.986428605,0.008640324,-5.091750857
344,345,0.984544993,0.986949096,0.987949422,0.984519714,0.007896491,-5.656710109
345,346,0.978758557,0.981830425,0.98314528,0.979171321,0.008575406,-5.362227735
346,347,0.991615097,0.995519646,0.997200636,0.992232401,0.00977922,-4.598091072
347,348,0.989712582,0.993710835,0.995453834,0.990443379,0.009608454,-4.496925525
348,349,0.991341896,0.995388085,0.997201468,0.9921035,0.009872131,-4.494681155
349,350,0.985279328,0.988269701,0.989706596,0.985492098,0.008758771,-5.139055833
350,351,0.99000144,0.994105529,0.99577071,0.99079705,0.00967212,-4.523084268
351,352,0.989084105,0.992710868,0.99423217,0.989534255,0.009485277,-4.767772902
352,353,0.982200173,0.984676795,0.985712881,0.982232447,0.008152514,-5.916442639
353,354,0.990121163,0.994006748,0.995787302,0.990845028,0.009627628,-4.554802679
354,355,0.98216763,0.984136463,0.98499648,0.981985049,0.007660244,-6.090425344
355,356,0.991262465,0.995615852,0.997411316,0.992216441,0.009994819,-4.414444926
356,357,0.990675434,0.994807624,0.996574664,0.991411493,0.009834608,-4.477973703
357,358,0.970601095,0.972717072,0.97363429,0.970781705,0.006555048,-5.393954417
358,359,0.990320721,0.994302132,0.996107651,0.99105622,0.009800468,-4.501323086
359,360,0.990855454,0.994731634,0.996499471,0.991548959,0.009572149,-4.556234476
360,361,0.989398193,0.993465684,0.995104643,0.990192892,0.009768523,-4.498392506
361,362,0.988048476,0.991207601,0.992636398,0.988364307,0.008905664,-5.086067876
362,363,0.98381994,0.987110986,0.988431875,0.984311003,0.008542067,-4.977977247
363,364,0.990734084,0.994817446,0.99660898,0.991506556,0.009917234,-4.461372988
364,365,0.988751299,0.992477264,0.994122316,0.989317558,0.009504649,-4.660334855
365,366,0.990895505,0.994837677,0.996652421,0.991554425,0.009925091,-4.493364219
366,367,0.984550691,0.987880814,0.989366807,0.985086216,0.008820983,-5.077446325
367,368,0.991224885,0.995423573,0.997188815,0.992096065,0.009810752,-4.486175036
368,369,0.99071204,0.994624841,0.996355891,0.991549504,0.009618433,-4.587756744
369,370,0.988119368,0.991652385,0.993043901,0.988587957,0.009144424,-4.941569762
370,371,0.985382607,0.988577106,0.9900312,0.985519885,0.009270336,-4.81591005
371,372,0.990631382,0.994880201,0.99658651,0.991508533,0.009815304,-4.471015984
372,373,0.983816084,0.987117613,0.988466381,0.98439343,0.008258649,-4.945144233
373,374,0.99079704,0.99491448,0.996700643,0.991566803,0.009943824,-4.473215573
374,375,0.991584244,0.995560562,0.997356582,0.992305097,0.009817521,-4.505154259
375,376,0.989402023,0.993350941,0.995093342,0.990153695,0.009523856,-4.537280229
376,377,0.991040564,0.995287217,0.997159994,0.991933536,0.010010861,-4.418933477
377,378,0.987304259,0.990892158,0.992395406,0.987788156,0.009274349,-4.724190361
378,379,0.99053309,0.993863812,0.995334929,0.990798653,0.009268947,-4.905307057
379,380,0.952701305,0.954039089,0.954727871,0.952505937,0.00685715,-5.912206041
380,381,0.988706489,0.992284846,0.993850079,0.989160609,0.009411854,-4.704824783
381,382,0.982641707,0.985736072,0.987165448,0.982868933,0.008977289,-5.056241996
382,383,0.990392316,0.994318214,0.995940245,0.991059864,0.009634326,-4.570332582
383,384,0.977185029,0.979629436,0.980558139,0.977092968,0.00825013,-5.728041592
384,385,0.98897667,0.992886048,0.994491417,0.989864638,0.009380053,-4.582255018
385,386,0.989260179,0.992983221,0.994659501,0.989917275,0.009356312,-4.688359379
386,387,0.976250396,0.979473765,0.980926637,0.976805547,0.008200012,-4.607470772
387,388,0.958443969,0.959696031,0.960415444,0.958399261,0.005760752,-5.885105403
388,389,0.990349633,0.994457398,0.996247614,0.991145652,0.009874064,-4.477704933
389,390,0.987298317,0.99123264,0.992766503,0.988218028,0.009191583,-4.831507896
390,391,0.987099882,0.990945479,0.99256349,0.987754636,0.009363649,-4.550655192
391,392,0.991405336,0.995569901,0.997313739,0.992192263,0.0099225,-4.450585691
392,393,0.990389277,0.994605527,0.996291994,0.991270688,0.00973324,-4.490727555
393,394,0.987795138,0.990716073,0.99200128,0.987963092,0.008707986,-5.256400454
394,395,0.991350219,0.995704738,0.997334111,0.992280902,0.009840165,-4.518178961
395,396,0.987947765,0.991810064,0.993467608,0.988702275,0.009481896,-4.597056763
396,397,0.989821374,0.99379642,0.995597143,0.990438683,0.00996278,-4.464969938
397,398,0.989531343,0.993619324,0.99525758,0.990430227,0.009566585,-4.653059573
398,399,0.991679627,0.99578495,0.997670713,0.992500722,0.009864911,-4.473563392
399,400,0.990642939,0.99443449,0.996162803,0.991436071,0.009545706,-4.597452028
400,401,0.988184604,0.991873872,0.99346544,0.988816601,0.009326038,-4.717288398
401,402,0.979402305,0.982092029,0.983459813,0.979273819,0.008977138,-5.209595871
402,403,0.990782092,0.995175475,0.996951045,0.991827491,0.009839841,-4.436847949
403,404,0.990487697,0.994599714,0.996360031,0.991304526,0.009829641,-4.527263722
404,405,0.973948887,0.976942544,0.978236314,0.974411359,0.00812807,-5.226717413
405,406,0.988344626,0.992147467,0.993803516,0.98892771,0.009581483,-4.618526483
406,407,0.975055514,0.977823989,0.978953946,0.975259204,0.008045166,-5.126710938
407,408,0.983040823,0.986216217,0.987485276,0.983483122,0.008334138,-5.102443442
408,409,0.989539195,0.993675755,0.995362625,0.990351313,0.009736261,-4.494880369
409,410,0.991575607,0.995283627,0.996922952,0.992041746,0.009655326,-4.690275848
410,411,0.991138045,0.995163639,0.996985602,0.991929482,0.009759574,-4.521911732
411,412,0.986544262,0.989782262,0.991335339,0.986862877,0.009057777,-4.96655493
412,413,0.991249279,0.995338208,0.997137847,0.991997731,0.00991889,-4.452907865
413,414,0.990028144,0.994137646,0.995968572,0.990839182,0.009844797,-4.443916331
414,415,0.991366302,0.995301232,0.997080436,0.992053688,0.009806348,-4.507256137
415,416,0.989069362,0.993032499,0.994848092,0.989898822,0.009591616,-4.532655612
416,417,0.986831285,0.989919537,0.991361039,0.987078146,0.008891142,-5.134660995
417,418,0.986275611,0.989423249,0.990839576,0.986436813,0.009154385,-5.045489275
418,419,0.990567999,0.99440715,0.996069219,0.991148668,0.009579657,-4.600642438
419,420,0.988004738,0.991764547,0.99331386,0.988753913,0.009049293,-4.742319643
420,421,0.9912972,0.995224803,0.997034517,0.991982801,0.00975945,-4.521943231
421,422,0.988451061,0.992326717,0.993828108,0.989227864,0.009197004,-4.739439454
422,423,0.977897808,0.980840879,0.981869417,0.978265787,0.007925577,-5.373060323
423,424,0.991147388,0.995242773,0.996982316,0.991914693,0.009794742,-4.46240922
424,425,0.991063464,0.994547887,0.996200165,0.991500966,0.009438501,-4.821455975
425,426,0.984028504,0.987044637,0.988331326,0.984211947,0.00890777,-5.257659565
426,427,0.97680214,0.980457213,0.982079686,0.977496924,0.009109829,-4.575069561
427,428,0.986569653,0.989148529,0.990224055,0.986557494,0.008321092,-5.502881221
428,429,0.99191251,0.995892748,0.997710507,0.992572025,0.009961807,-4.462459658
429,430,0.979360247,0.981368332,0.982075061,0.979229199,0.007491262,-6.190450824
430,431,0.979238543,0.981561735,0.982458687,0.979343103,0.007420531,-5.87739341
431,432,0.989327555,0.992861074,0.994425368,0.989872752,0.00922777,-4.884977343
432,433,0.984891371,0.987565517,0.988536443,0.984967446,0.008134893,-5.559323682
433,434,0.984353768,0.987834046,0.989208789,0.984963925,0.008524351,-4.811872206
434,435,0.991213434,0.995289495,0.996944724,0.991973736,0.009741003,-4.558228033
435,436,0.988784225,0.992812357,0.994532058,0.989537091,0.009550309,-4.503656585
436,437,0.991499914,0.995544439,0.997329357,0.992192053,0.009871103,-4.479960555
437,438,0.99136983,0.995255024,0.9970658,0.991993338,0.00983514,-4.501063334
438,439,0.984548072,0.987976349,0.989344145,0.985192514,0.008540935,-5.088602669
439,440,0.990973236,0.995034823,0.996707225,0.99181469,0.009691048,-4.602183239
440,441,0.987498025,0.99078346,0.992249663,0.987808292,0.009044581,-4.90895622
441,442,0.982181272,0.984360499,0.985266139,0.982076273,0.007732215,-5.893853932
442,443,0.989654987,0.993660046,0.99525922,0.990374952,0.009697056,-4.653482824
443,444,0.991253276,0.995480514,0.997311406,0.992128025,0.009948824,-4.427504808
444,445,0.991493423,0.995626634,0.997471368,0.992323917,0.009934323,-4.452128956
445,446,0.990713665,0.994728564,0.996402736,0.99139636,0.009867883,-4.541924105
446,447,0.990092969,0.994152864,0.995941988,0.990983022,0.009629381,-4.519862113
447,448,0.991575316,0.995232703,0.996992027,0.992061906,0.009709059,-4.662721887
448,449,0.991416854,0.995335259,0.997085289,0.99209981,0.009775149,-4.524546817
449,450,0.986288312,0.989306739,0.990644608,0.986486121,0.00888673,-5.043890331
450,451,0.98963175,0.993919137,0.995580024,0.99060303,0.009646706,-4.474671012
451,452,0.944981597,0.946577513,0.947196695,0.945296718,0.005410656,-3.132999884
452,453,0.98884733,0.992681215,0.994406064,0.989548321,0.009554418,-4.678326521
453,454,0.991116403,0.995037152,0.996654002,0.991817162,0.009598431,-4.667983283
454,455,0.991434865,0.995285803,0.996996683,0.992035748,0.00972817,-4.585756316
455,456,0.990202288,0.993474354,0.995107615,0.990458144,0.009475286,-4.887171602
456,457,0.977832154,0.980396398,0.98136499,0.978093334,0.007388759,-5.610547987
457,458,0.990817168,0.993843349,0.995253387,0.990882162,0.009148373,-5.012308964
458,459,0.991331763,0.995401997,0.997132962,0.992045499,0.009868178,-4.482362504
459,460,0.980954203,0.983559892,0.984620529,0.981138474,0.007688179,-5.470703941
460,461,0.975515354,0.976899049,0.977645531,0.975341343,0.006245751,-6.906017244
461,462,0.99058192,0.994560258,0.996236939,0.991318643,0.009593734,-4.570170091
462,463,0.976484605,0.978532404,0.979332669,0.97653716,0.006860628,-6.215360345
463,464,0.990645033,0.994786129,0.996581661,0.991462368,0.009862088,-4.483571465
464,465,0.990322915,0.994230255,0.996028859,0.990979617,0.009794542,-4.515425509
465,466,0.983420509,0.986333404,0.987516986,0.983776004,0.008021568,-5.334498358
466,467,0.989143094,0.993238846,0.994848659,0.989973087,0.009557631,-4.537845666
467,468,0.955514244,0.95687263,0.957477788,0.955486628,0.005607105,-5.491838228
468,469,0.990983285,0.995364748,0.997166627,0.99198729,0.009919997,-4.40266004
469,470,0.989583928,0.993795382,0.995561473,0.990481933,0.009812588,-4.468302631
470,471,0.984160934,0.987258048,0.98864816,0.984498219,0.008756067,-5.1990851
471,472,0.953187144,0.95456601,0.955332745,0.953349964,0.005591371,-4.536393705
472,473,0.988281129,0.991741315,0.993321401,0.988604998,0.009504574,-4.726768603
473,474,0.99020991,0.994297256,0.995963031,0.991069637,0.00956348,-4.552910466
474,475,0.974746605,0.977471346,0.978562864,0.974868064,0.008578582,-5.379124698
475,476,0.990742087,0.994877467,0.996604242,0.991636366,0.009669003,-4.536228043
476,477,0.991436976,0.995611894,0.997304019,0.992125385,0.009973238,-4.443382431
477,478,0.988924542,0.99235005,0.993813003,0.989187605,0.009431898,-4.802467614
478,479,0.987974734,0.991240807,0.99275116,0.98824658,0.009236732,-4.883703978
479,480,0.974621657,0.976809714,0.977590107,0.974539787,0.007767205,-5.963405755
480,481,0.968902727,0.97121404,0.972177992,0.968942063,0.007854408,-5.527843249
481,482,0.989060579,0.993252603,0.995009321,0.989975661,0.009735406,-4.423966513
482,483,0.988242757,0.991319102,0.992821742,0.988466798,0.009060476,-5.02142389
483,484,0.991278265,0.995384236,0.997158144,0.99203071,0.009945154,-4.440644334
484,485,0.991126061,0.995426626,0.997264168,0.992099943,0.009938035,-4.414705522
485,486,0.987169244,0.990508117,0.991929119,0.987594496,0.008999788,-4.96781068
486,487,0.98567375,0.989696931,0.991296869,0.986750093,0.009360838,-4.560430557
487,488,0.989543024,0.993466208,0.995139076,0.990216647,0.009664628,-4.593229643
488,489,0.990918633,0.995186469,0.996954623,0.991885602,0.009793247,-4.509590678
489,490,0.991269731,0.995474156,0.997285564,0.992106841,0.009952013,-4.44238811
490,491,0.989786363,0.993702334,0.995448343,0.990539942,0.009534019,-4.531266301
491,492,0.988729105,0.992909696,0.994664073,0.98949489,0.009905263,-4.39833056
492,493,0.987702912,0.991868521,0.993397517,0.988598016,0.00939897,-4.606819002
493,494,0.989062797,0.992758111,0.994254469,0.989744824,0.00919099,-4.885196541
494,495,0.991405141,0.995331157,0.997087943,0.992093283,0.009789595,-4.533032702
495,496,0.986504692,0.990390289,0.992003929,0.987387016,0.009490198,-4.587352295
496,497,0.987102957,0.99121658,0.992711191,0.988147224,0.009080424,-4.694896253
497,498,0.991346076,0.995655763,0.997360235,0.992282431,0.009862039,-4.503142777
498,499,0.990411955,0.994448808,0.996152566,0.991196806,0.009611549,-4.54777741
499,500,0.985548264,0.988704135,0.9901062,0.985905436,0.008817153,-5.087874933
500,501,0.983214024,0.986284984,0.987471033,0.983391934,0.008862622,-5.129437016
501,502,0.98750074,0.991034672,0.992421827,0.98807945,0.00890289,-4.876640841
502,503,0.991201144,0.994612345,0.996329648,0.991543759,0.009581641,-4.69854741
503,504,0.991362242,0.995600152,0.997376649,0.992179641,0.009986047,-4.42687027
504,505,0.980081766,0.982769758,0.983904723,0.980392986,0.007516051,-5.335252353
505,506,0.991620051,0.995801955,0.997554324,0.992431258,0.009895837,-4.488712828
506,507,0.991002039,0.995072122,0.996785003,0.991773279,0.009831848,-4.502848782
507,508,0.990582191,0.994427675,0.996156889,0.991299876,0.009566816,-4.578293486
508,509,0.958630711,0.960077502,0.960736693,0.958791472,0.005565774,-5.478348588
509,510,0.986629491,0.990292944,0.991816671,0.987298785,0.008955945,-4.686133719
510,511,0.990585719,0.994765188,0.996480381,0.991407759,0.009738848,-4.487659829
511,512,0.991077477,0.99489096,0.996624363,0.99162065,0.009802907,-4.541243677
512,513,0.991650826,0.995664876,0.997427911,0.992382369,0.009835928,-4.506810088
513,514,0.977985133,0.980808321,0.982015439,0.978460362,0.007654267,-5.039973755
514,515,0.990244652,0.994216142,0.995948545,0.990890613,0.009841051,-4.478684964
515,516,0.986983497,0.99104566,0.992666985,0.987947186,0.009407158,-4.608857854
516,517,0.990317351,0.994165621,0.995977394,0.99102173,0.009687429,-4.553601895
517,518,0.962555551,0.96491747,0.966011689,0.962977078,0.006981493,-5.562346377
518,519,0.98331218,0.986490539,0.987861973,0.98371012,0.008701061,-5.00702197
519,520,0.98812084,0.991008511,0.992278701,0.988361871,0.008516553,-5.363818526
520,521,0.990192185,0.993969131,0.995567007,0.99085753,0.009430711,-4.717830385
521,522,0.985330196,0.988280243,0.989546791,0.985433197,0.008787182,-5.108757276
522,523,0.988034869,0.990670038,0.991905215,0.987965591,0.008643396,-5.325170803
523,524,0.989533471,0.993329265,0.99496353,0.990072873,0.009674209,-4.656089221
524,525,0.986878593,0.990247737,0.991750272,0.987427859,0.008921777,-5.086815579
525,526,0.990999529,0.994908471,0.996651762,0.991603218,0.009848155,-4.513595924
526,527,0.989236562,0.992172279,0.993570415,0.989416322,0.00877974,-5.160675124
527,528,0.988186221,0.991789662,0.993255176,0.988831289,0.009023667,-4.92037188
528,529,0.966959004,0.969802793,0.970907574,0.967397778,0.007306279,-4.50184946
529,530,0.989154774,0.992695993,0.994389435,0.989635335,0.009453192,-4.671972617
530,531,0.989066316,0.99234969,0.99386392,0.989335276,0.009256917,-4.823819604
531,532,0.990889003,0.994375088,0.996033124,0.991242499,0.009553928,-4.724560823
532,533,0.986932713,0.990558072,0.992019721,0.987631971,0.008907317,-4.923040018
533,534,0.979749576,0.983228358,0.984664278,0.980539262,0.008598017,-5.009056379
534,535,0.990818938,0.994816761,0.996599425,0.991712987,0.009677225,-4.564205453
535,536,0.98686816,0.991095808,0.99276822,0.987904877,0.009577284,-4.509146821
536,537,0.977151619,0.980091691,0.981307525,0.977598718,0.00781972,-4.936856651
537,538,0.991424173,0.995571672,0.997320741,0.992201234,0.009840987,-4.491895839
538,539,0.991085934,0.995063688,0.996885669,0.991819179,0.009797098,-4.48317595
539,540,0.991330385,0.995392242,0.997170031,0.992042494,0.009954352,-4.453479582
540,541,0.991159833,0.995256686,0.997100152,0.992059255,0.009788627,-4.501101334
541,542,0.989642308,0.993326268,0.994954815,0.990088073,0.009692723,-4.67675088
542,543,0.989586242,0.993573629,0.995306935,0.990319748,0.009811673,-4.515053134
543,544,0.976488502,0.979252308,0.980335651,0.976746804,0.008113122,-5.392294439
544,545,0.987555939,0.991419652,0.993054215,0.988342675,0.009189242,-4.587623643
545,546,0.988401846,0.992211754,0.993883468,0.989110692,0.009479912,-4.73149612
546,547,0.889124475,0.890716,0.891408559,0.889794986,0.006205661,6.105338287
547,548,0.988063642,0.991938803,0.99347784,0.98892698,0.009240731,-4.702557581
548,549,0.991556706,0.99556364,0.997411004,0.992281504,0.009886902,-4.454264896
549,550,0.987756755,0.991109196,0.992519507,0.988173852,0.008899991,-5.019424506
550,551,0.989272426,0.993229082,0.995022721,0.989962071,0.009713686,-4.48467829
551,552,0.991445275,0.995608248,0.997333684,0.992252928,0.009850553,-4.490222082
552,553,0.983131548,0.986149603,0.987362834,0.983319896,0.00886858,-5.263385346
553,554,0.989922305,0.993921861,0.995602334,0.990724827,0.009537353,-4.592836807
554,555,0.990396308,0.994403115,0.995930784,0.991026548,0.009614515,-4.58013492
555,556,0.991165813,0.995065023,0.996920858,0.991884664,0.009792138,-4.496733828
556,557,0.990227061,0.994474842,0.99628753,0.991091539,0.009975203,-4.441931326
557,558,0.979128456,0.982579163,0.984134822,0.979731847,0.008636757,-4.683936778
558,559,0.9856202,0.988877397,0.990265607,0.986187173,0.00850383,-5.195412099
559,560,0.988522332,0.991937793,0.993440547,0.988924381,0.009165299,-4.887203518
560,561,0.982224633,0.984576048,0.985495051,0.982223454,0.007817988,-6.093823141
561,562,0.982708239,0.984602573,0.985430596,0.982497704,0.00747688,-6.27445271
562,563,0.985291678,0.988686121,0.990035159,0.985571264,0.009228837,-4.827557043
563,564,0.903783827,0.905468158,0.90638003,0.904423503,0.006692834,1.449842689
564,565,0.99120387,0.995276291,0.996963368,0.991959494,0.009759254,-4.528673873
565,566,0.990693963,0.994884737,0.996685701,0.991537291,0.009991641,-4.440230343
566,567,0.990929088,0.994659176,0.996340878,0.991511703,0.009538976,-4.703963954
567,568,0.990674247,0.994641525,0.996460418,0.991543493,0.009686913,-4.558931173
568,569,0.988075787,0.991727312,0.993423874,0.988778108,0.0091513,-4.751245049
569,570,0.987606514,0.990838637,0.992361505,0.987858914,0.009204656,-4.962223246
570,571,0.989526224,0.993699601,0.995458041,0.990367768,0.009855086,-4.507374489
571,572,0.988273424,0.991875555,0.993548824,0.9887767,0.00952377,-4.712626054
572,573,0.990723158,0.994880541,0.996549036,0.991588191,0.009697605,-4.523274484
573,574,0.98092527,0.983212353,0.984150988,0.980843021,0.007874541,-5.884470066
574,575,0.97123473,0.973868223,0.975036322,0.97149179,0.007575603,-5.024331719
575,576,0.990443176,0.994736428,0.996387457,0.991429958,0.009674999,-4.565691849
576,577,0.977704881,0.979759814,0.980688888,0.97761608,0.007538564,-6.057465814
577,578,0.991624785,0.995480605,0.997293833,0.992227837,0.009845283,-4.491728733
578,579,0.991854117,0.996118559,0.997915314,0.992710816,0.010023887,-4.419513489
579,580,0.961878276,0.962977025,0.963590177,0.961867936,0.005811139,-6.831204107
580,581,0.991331681,0.995604053,0.997400885,0.99220885,0.009996376,-4.413737865
581,582,0.986788828,0.990170441,0.991732076,0.987176576,0.009196689,-4.862886573
582,583,0.991437366,0.995451778,0.997189443,0.992161267,0.009802346,-4.529221192
583,584,0.984901322,0.987647002,0.988791554,0.984856992,0.008754358,-5.316172973
584,585,0.975632156,0.978573254,0.979724063,0.976210514,0.00751336,-5.02359032
585,586,0.990946041,0.994424634,0.996088081,0.991373833,0.009412732,-4.803167322
586,587,0.965928163,0.968582703,0.969655795,0.966305766,0.007282179,-4.832708195
587,588,0.990744473,0.994576205,0.99634389,0.991495488,0.009583236,-4.604159736
588,589,0.990898649,0.994851926,0.996651223,0.991624601,0.009787411,-4.532212864
589,590,0.989405127,0.993492135,0.995063354,0.990397081,0.009493642,-4.604501123
590,591,0.991105133,0.995242413,0.997056696,0.991990779,0.009797202,-4.482170144
591,592,0.986631704,0.990014125,0.991383925,0.987098299,0.008859649,-5.062940779
592,593,0.989154832,0.993141926,0.994907745,0.990023289,0.00958557,-4.567132722
593,594,0.988777841,0.992591051,0.994002454,0.989523015,0.009034592,-4.806443262
594,595,0.984489806,0.987884248,0.989272243,0.985060958,0.0086219,-4.788735533
595,596,0.974081385,0.975800231,0.976633699,0.973961506,0.006907701,-6.328460298
596,597,0.982448643,0.98575545,0.987023283,0.983009176,0.008304978,-5.046906275
597,598,0.981800696,0.984299828,0.985329424,0.981953828,0.007752179,-5.804951131
598,599,0.982226477,0.9857877,0.987276532,0.982618592,0.009498387,-4.752389361
599,600,0.990633731,0.994513157,0.99628282,0.991196803,0.009914498,-4.475176129
600,601,0.990190418,0.994246975,0.995982452,0.990926281,0.009831631,-4.488332642
601,602,0.987358738,0.991193307,0.992716973,0.988107188,0.009234354,-4.608663682
602,603,0.98773968,0.991356344,0.992729905,0.988366149,0.009030874,-4.958163917
603,604,0.991360939,0.995722596,0.997532087,0.992334768,0.009977532,-4.424530069
604,605,0.978540077,0.98183746,0.98322058,0.979233122,0.008082636,-4.916945236
605,606,0.989101424,0.993043211,0.994637553,0.989890469,0.009417233,-4.640143165
606,607,0.976595212,0.978445058,0.97929555,0.97660669,0.00707077,-6.650244622
607,608,0.978119797,0.981193647,0.982371862,0.978584872,0.007910323,-5.069217296
608,609,0.988817169,0.993072182,0.994924468,0.989767093,0.009947962,-4.408005227
609,610,0.988935993,0.992778876,0.994493375,0.989571753,0.009597768,-4.564239743
610,611,0.990771614,0.994720215,0.996490796,0.991454345,0.009886322,-4.510106218
611,612,0.990215001,0.993847648,0.995466799,0.990637052,0.009577392,-4.653470674
612,613,0.990459265,0.994160314,0.995819724,0.991033726,0.009494914,-4.713717436
613,614,0.987945993,0.991770846,0.993328049,0.988584525,0.009294791,-4.635698127
614,615,0.977574967,0.980099642,0.981053079,0.977593025,0.008229259,-5.477245734
615,616,0.990702648,0.994738268,0.996477107,0.991477708,0.009806297,-4.50759826
616,617,0.990164115,0.994030778,0.995632006,0.990827892,0.009483729,-4.607596064
617,618,0.990575675,0.994618502,0.996345514,0.991323618,0.009774608,-4.505881231
618,619,0.990709322,0.994801396,0.996656041,0.991594346,0.009769354,-4.502815917
619,620,0.987455119,0.990821146,0.992317933,0.987630646,0.009482336,-4.774168182
620,621,0.987990186,0.991661265,0.993094862,0.988517929,0.009291082,-4.802747503
621,622,0.990761204,0.994373172,0.996076752,0.991225496,0.009652363,-4.682011943
622,623,0.988379756,0.991498424,0.992878336,0.988567369,0.009103928,-5.067666726
623,624,0.940241555,0.94169859,0.942371508,0.940364053,0.006330931,-5.031876317
624,625,0.988762108,0.992496183,0.994149131,0.989212525,0.009737741,-4.525507448
625,626,0.986194673,0.98990966,0.991594586,0.987016512,0.009108347,-4.731926532
626,627,0.987529265,0.990358154,0.991632439,0.987658554,0.008659908,-5.285851412
627,628,0.989474895,0.993492135,0.99521624,0.990237316,0.009647776,-4.570118447
628,629,0.9912409,0.995221713,0.996904327,0.991913117,0.009776431,-4.530190799
629,630,0.991319024,0.995252988,0.99700029,0.992014607,0.009722409,-4.546760146
630,631,0.990862402,0.995002794,0.996728201,0.991710351,0.009766213,-4.53722581
631,632,0.99068037,0.994558975,0.996154671,0.9912726,0.009696338,-4.621110214
632,633,0.991793256,0.995672021,0.997486231,0.992418001,0.00979746,-4.524071099
633,634,0.991575885,0.995698594,0.997501985,0.992365089,0.009903562,-4.452962563
634,635,0.99167762,0.995676063,0.9974267,0.992401602,0.009762777,-4.530288792
635,636,0.99115802,0.995131344,0.996958956,0.991826871,0.009890628,-4.447486511
636,637,0.990929148,0.994963925,0.996797418,0.991698492,0.009820717,-4.495534314
637,638,0.991359799,0.995634437,0.997437307,0.992227439,0.009988028,-4.417436448
638,639,0.990530556,0.994601522,0.996386401,0.991364627,0.009743619,-4.497817373
639,640,0.99016056,0.99423942,0.995970569,0.990956942,0.009800989,-4.498796031
640,641,0.985962713,0.989789606,0.991517579,0.986906268,0.009278746,-4.598646776
641,642,0.99010541,0.994389532,0.996194988,0.991091738,0.009797628,-4.434742613
642,643,0.991417081,0.995547402,0.997284698,0.992218505,0.009856802,-4.533607001
643,644,0.990228349,0.994573819,0.996237822,0.991253211,0.009694685,-4.517377379
644,645,0.990867027,0.994916309,0.996703822,0.991623729,0.009841299,-4.493720726
645,646,0.983467189,0.986930434,0.988344794,0.983967869,0.008864814,-4.921839548
646,647,0.984204276,0.987575691,0.989008413,0.984690587,0.008624796,-4.789276315
647,648,0.981922943,0.985013291,0.986422925,0.982197132,0.008936926,-5.0567482
648,649,0.989260326,0.993190467,0.994862547,0.990091199,0.009465738,-4.585564712
649,650,0.991026292,0.995257022,0.997037812,0.99186042,0.0099703,-4.419662221
650,651,0.991432466,0.995484267,0.99720233,0.992205207,0.0097873,-4.553877574
651,652,0.976199366,0.97991508,0.981629704,0.976759626,0.00957237,-4.608210127
652,653,0.990081895,0.993858271,0.995548986,0.990618153,0.009631902,-4.600877313
653,654,0.961424731,0.962634237,0.963610028,0.961665863,0.006052654,-6.501674953
654,655,0.987794054,0.990994209,0.992414685,0.988017608,0.009099303,-5.033064056
655,656,0.983489237,0.987473928,0.989119371,0.984449223,0.009180443,-4.699034343
656,657,0.991768696,0.995877775,0.997638006,0.992550718,0.009858393,-4.491738926
657,658,0.989268235,0.993137369,0.994702039,0.989931079,0.009363906,-4.694501335
658,659,0.98780574,0.991460643,0.993059675,0.988452162,0.009268301,-4.680092985
659,660,0.987709588,0.991268463,0.992860737,0.988100546,0.009621363,-4.730903504
660,661,0.990697908,0.994677685,0.996404752,0.991432924,0.009780586,-4.51865459
661,662,0.990607553,0.994497683,0.996261971,0.991358985,0.009667012,-4.54753214
662,663,0.991216755,0.995192211,0.99702567,0.991895378,0.009959627,-4.466970399
663,664,0.970134996,0.97213869,0.972957017,0.97007311,0.007680165,-5.973434858
664,665,0.978044561,0.980572185,0.981692771,0.978189323,0.007828646,-5.574968248
665,666,0.991512159,0.995457592,0.997229259,0.992221122,0.009791344,-4.518569804
666,667,0.989672412,0.993690166,0.995512991,0.990479178,0.009612762,-4.506838829
667,668,0.991500889,0.995508914,0.997272828,0.992219922,0.00981761,-4.493918292
668,669,0.990907677,0.995002915,0.996733908,0.991695784,0.009788669,-4.495595245
669,670,0.991242477,0.995156454,0.996875219,0.991931582,0.009658037,-4.576519446
670,671,0.988630743,0.991318965,0.992620081,0.988593949,0.008639232,-5.281130894